"Order ID","Customer ID","Customer Name",OrderSales
CA-2016-152156,CG-12520,"Claire Gute",2981.7000000000003
US-2015-108966,SO-20335,"Sean O'Donnell",5879.6730000000025
CA-2014-115812,BH-11710,"Brosina Hoffman",29714.43199999999
CA-2016-161389,IM-15070,"Irene Maddox",2855.8320000000003
US-2015-118983,HP-14815,"Harold Pawlan",499.4779999999999
CA-2014-105893,PK-19075,"Pete Kriz",6658.8
CA-2014-167164,AG-10270,"Alejandro Grove",277.5
CA-2014-143336,ZD-21925,"Zuschuss Donatelli",1223.8000000000002
CA-2016-137330,KB-16585,"Ken Black",877.8000000000004
US-2017-156909,SF-20065,"Sandra Flanagan",499.60400000000004
CA-2015-106320,EB-13870,"Emily Burns",9401.670000000002
CA-2016-121755,EH-13945,"Eric Hoffmann",715.5259999999998
US-2015-150630,TB-21520,"Tracy Blumstein",29903.183999999972
CA-2017-107727,MA-17560,"Matt Abelman",265.24800000000005
CA-2016-117590,GH-14485,"Gene Hale",2576.9280000000003
CA-2015-117415,SN-20710,"Steve Nguyen",7373.719199999998
CA-2017-120999,LC-16930,"Linda Cazamias",1177.344
CA-2016-101343,RA-19885,"Ruben Ausman",545.16
CA-2017-139619,ES-14080,"Erin Smith",764.928
CA-2016-118255,ON-18715,"Odella Nelson",570.96
CA-2014-146703,PO-18865,"Patrick O'Donnell",1483.72
CA-2016-169194,LH-16900,"Lena Hernandez",601.1999999999998
CA-2015-115742,DP-13000,"Darren Powers",1676.4
CA-2016-105816,JM-15265,"Janet Molinari",5226.049999999999
CA-2016-111682,TB-21055,"Ted Butterfield",3275.4499999999994
CA-2015-135545,KM-16720,"Kunst Miller",2130.3520000000003
US-2015-164175,PS-18970,"Paul Stevenson",1704.92
CA-2014-106376,BS-11590,"Brendan Sweed",7685.9519999999975
CA-2016-119823,KD-16270,"Karen Daniels",379.4
US-2015-134026,JE-15745,"Joel Eaton",12021.120000000004
CA-2016-127208,SC-20770,"Stewart Carmichael",1349.4
CA-2015-149734,JC-16105,"Julie Creighton",1004.9200000000001
US-2017-119662,CS-12400,"Christopher Schild",1843.008
CA-2017-140088,PO-18865,"Patrick O'Donnell",2113.72
CA-2016-159695,GM-14455,"Gary Mitchum",950.2079999999999
CA-2016-109806,JS-15685,"Jim Sink",400.6560000000001
CA-2015-149587,KB-16315,"Karl Braun",893.3400000000006
CA-2017-161018,PN-18775,"Parhena Norris",675.7099999999999
CA-2017-157833,KD-16345,"Katherine Ducich",256.56
CA-2016-158568,RB-19465,"Rick Bensley",1786.268000000001
US-2015-156867,LC-16870,"Lena Cacioppo",2388.792
CA-2017-119004,JM-15250,"Janet Martin",632.4479999999996
CA-2015-129476,PA-19060,"Pete Armstrong",2039.76
CA-2017-146780,CV-12805,"Cynthia Voltz",335.68
CA-2016-128867,CL-12565,"Clay Ludtke",1135.2
CA-2014-115259,RC-19960,"Ryan Crowe",1195.5359999999998
CA-2015-110457,DK-13090,"Dave Kipp",5512.709999999999
US-2015-136476,GG-14650,"Greg Guthrie",1420.1460000000002
CA-2016-103730,SC-20725,"Steven Cartwright",4387.5
US-2014-152030,AD-10180,"Alan Dominguez",4203.906
US-2014-134614,PF-19165,"Philip Fox",3706.2
US-2017-107272,TS-21610,"Troy Staebel",1724.6599999999999
US-2016-125969,LS-16975,"Lindsay Shagiari",2559.872
US-2017-164147,DW-13585,"Dorothy Wardle",1118.1099999999994
CA-2016-145583,LC-16885,"Lena Creighton",2818.155999999999
CA-2016-110366,JD-15895,"Jonathan Doherty",662.4
CA-2017-106180,SH-19975,"Sally Hughsby",1797.1800000000003
CA-2017-155376,SG-20080,"Sandra Glassco",2518.29
CA-2015-110744,HA-14920,"Helen Andreada",4031.5799999999995
CA-2014-110072,MG-17680,"Maureen Gastineau",375.552
CA-2016-114489,JE-16165,"Justin Ellison",7973.43
CA-2016-158834,TW-21025,"Tamara Willingham",2166.624
CA-2015-124919,SP-20650,"Stephanie Phelps",1958.2400000000007
CA-2014-104269,DB-13060,"Dave Brooks",3202.9760000000006
CA-2016-114104,NP-18670,"Nora Paige",4797.75
CA-2015-119697,EM-13960,"Eric Murdock",271.92
CA-2016-154508,RD-19900,"Ruben Dartt",255.60000000000002
CA-2014-139892,BM-11140,"Becky Martin",42159.58400000001
CA-2014-118962,CS-12130,"Chad Sievert",1888.176
US-2014-100853,JB-15400,"Jennifer Braxton",653.4719999999998
US-2017-152366,SJ-20500,"Shirley Jackson",389.056
US-2015-101511,JE-15745,"Joel Eaton",4952.184000000002
CA-2014-166191,DK-13150,"David Kendrick",867.1200000000001
CA-2014-158274,RM-19675,"Robert Marley",2731.6399999999994
CA-2014-123260,FM-14290,"Frank Merwin",1414.3999999999999
CA-2015-102281,MP-17470,"Mark Packer",8344.94
CA-2017-107720,VM-21685,"Valerie Mitchum",323.82
CA-2014-133690,BS-11755,"Bruce Stewart",1549.4499999999994
US-2017-116701,LC-17140,"Logan Currie",530.272
CA-2017-126382,HK-14890,"Heather Kirkland",281.344
CA-2017-108329,LE-16810,"Laurel Elliston",2223.8399999999997
CA-2017-135860,JH-15985,"Joseph Holt",1880.5000000000002
CA-2015-146262,VW-21775,"Victoria Wilson",16350.264000000005
CA-2016-130162,JH-15910,"Jonathan Howell",2768.0520000000006
CA-2015-169397,JB-15925,"Joni Blumstein",1883.7719999999997
CA-2015-163055,DS-13180,"David Smith",5819.6699999999955
US-2015-145436,VD-21670,"Valerie Dominguez",3307.584
US-2017-100930,CS-12400,"Christopher Schild",13886.804000000007
CA-2016-157749,KL-16645,"Ken Lonsdale",5423.592000000004
CA-2014-131926,DW-13480,"Dianna Wilson",14982.519999999995
CA-2016-154739,LH-17155,"Logan Haushalter",1929.408
CA-2016-145625,KC-16540,"Kelly Collister",13419.919999999998
CA-2016-146941,DL-13315,"Delfina Latchford",3097.5000000000005
US-2015-159982,DR-12880,"Dan Reichenbach",4997.692000000001
CA-2017-163139,CC-12670,"Craig Carreira",1816.0799999999997
US-2014-106992,SB-20290,"Sean Braxton",39059.579999999994
CA-2016-125318,RC-19825,"Roy Collins",1969.3439999999998
CA-2015-155040,AH-10210,"Alan Hwang",719.0999999999999
US-2017-145366,CA-12310,"Christine Abelman",379.136
CA-2017-163979,KH-16690,"Kristen Hastings",4355.04
CA-2015-155334,HA-14920,"Helen Andreada",1356.7800000000004
CA-2017-132976,AG-10495,"Andrew Gjertsen",769.6000000000003
US-2015-161991,SC-20725,"Steven Cartwright",10048.32
CA-2015-130890,JO-15280,"Jas O'Carroll",5194.2
CA-2015-130883,TB-21520,"Tracy Blumstein",3713.975999999999
CA-2016-112697,AH-10195,"Alan Haines",5640.263999999999
CA-2016-110772,NZ-18565,"Nick Zandusky",3424.913999999998
CA-2014-111451,KL-16555,"Kelly Lampkin",6842.175999999999
CA-2016-142545,JD-15895,"Jonathan Doherty",1449.5199999999993
US-2017-152380,JH-15910,"Jonathan Howell",1533.525
CA-2014-111003,CR-12625,"Corey Roper",1004.04
CA-2016-142902,BP-11185,"Ben Peterman",4027.2000000000007
CA-2014-120887,TS-21205,"Thomas Seio",612.78
CA-2014-167850,AG-10525,"Andy Gerbode",775.744
CA-2014-164259,SP-20860,"Sung Pak",793.0879999999999
CA-2014-164973,NM-18445,"Nathan Mautz",28844.23199999999
CA-2016-162138,GK-14620,"Grace Kelly",2460.5699999999993
US-2016-141544,PO-18850,"Patrick O'Brill",12698.699999999993
US-2016-150147,JL-15850,"John Lucas",650.52
CA-2015-137946,DB-13615,"Doug Bickford",5874.6240000000025
CA-2014-129924,AC-10420,"Alyssa Crouse",2118.192
CA-2014-122336,JD-15895,"Jonathan Doherty",4470.544000000003
US-2015-120712,CS-12130,"Chad Sievert",355.2
CA-2017-134306,TD-20995,"Tamara Dahlen",405.7199999999998
CA-2016-129714,AB-10060,"Adam Bellavance",31070.801999999996
CA-2016-138520,JL-15505,"Jeremy Lonsdale",2690.424000000002
CA-2016-130001,HK-14890,"Heather Kirkland",289.92
CA-2017-155698,VB-21745,"Victoria Brennan",4011.2399999999993
CA-2017-144904,KW-16435,"Katrina Willman",2810.129999999999
CA-2014-123344,JD-16060,"Julia Dunbar",635.88
CA-2016-155516,MK-17905,"Michael Kennedy",9434.160000000002
CA-2017-104745,GT-14755,"Guy Thornton",317.376
US-2014-119137,AG-10900,"Arthur Gainer",15203.760000000006
US-2016-134656,MM-18280,"Muhammed MacIntyre",693.9519999999999
US-2017-134481,AR-10405,"Allen Rosenblatt",7442.12
CA-2015-130792,RA-19915,"Russell Applegate",292.35599999999994
CA-2016-134775,AS-10285,"Alejandro Savely",602.9760000000001
CA-2015-125395,LA-16780,"Laura Armstrong",460.8999999999999
US-2015-168935,DO-13435,"Denny Ordway",3216.0345000000007
CA-2015-122756,DK-13225,"Dean Katz",3397.1000000000004
CA-2017-101798,MV-18190,"Mike Vittorini",380.04
US-2014-135972,JG-15115,"Jack Garza",6139.062
CA-2017-165603,SS-20140,"Saphhira Shifley",503.3599999999998
CA-2015-122259,HP-14815,"Harold Pawlan",490.84000000000003
CA-2016-108987,AG-10675,"Anna Gayman",18346.563199999986
CA-2014-155208,SP-20650,"Stephanie Phelps",312.576
CA-2017-117933,RF-19840,"Roy Französisch",251.36999999999998
CA-2017-117457,KH-16510,"Keith Herrera",27688.54899999999
CA-2017-142636,KC-16675,"Kimberly Carter",1787.984
CA-2017-122105,CJ-12010,"Caroline Jumper",767.3599999999999
CA-2016-148796,PB-19150,"Philip Brown",2686.6000000000004
CA-2014-142048,JE-15745,"Joel Eaton",2361.024
CA-2017-125388,MP-17965,"Michael Paige",803.3400000000004
CA-2017-155705,NF-18385,"Natalie Fritzler",6064.799999999999
CA-2017-149160,JM-15265,"Janet Molinari",1581.6000000000001
CA-2014-101476,SD-20485,"Shirley Daniels",629.91
US-2016-123750,RB-19795,"Ross Baird",6265.420000000001
CA-2016-127369,DB-13060,"Dave Brooks",5000.1
US-2014-150574,MK-18160,"Mike Kennedy",757.836
CA-2016-147375,PO-19180,"Philisse Overcash",9250.269
CA-2017-130043,BB-11545,"Brenda Bowman",286.84800000000007
CA-2017-157252,CV-12805,"Cynthia Voltz",1662.768
CA-2016-115756,PK-19075,"Pete Kriz",5430.999999999999
CA-2016-166674,RB-19360,"Raymond Buch",3364.680000000001
CA-2017-147277,EB-13705,"Ed Braxton",8547.948000000002
CA-2016-100153,KH-16630,"Ken Heidel",574.9200000000001
US-2014-110674,SC-20095,"Sanjit Chand",1036.544
US-2016-157945,NF-18385,"Natalie Fritzler",5295.401999999999
CA-2015-109638,JH-15985,"Joseph Holt",5275.709999999999
CA-2016-109869,TN-21040,"Tanja Norvell",11118.261000000013
US-2015-101399,JS-15940,"Joni Sundaresam",1273.72
CA-2017-154907,DS-13180,"David Smith",1847.9951999999996
CA-2015-154144,MH-17785,"Maya Herman",332.88
CA-2014-144666,JP-15520,"Jeremy Pistek",10184.468000000006
CA-2016-103891,KH-16690,"Kristen Hastings",574.5600000000001
CA-2016-152632,JE-15475,"Jeremy Ellison",241.2
CA-2016-100790,JG-15805,"John Grady",4313.7
CA-2014-127691,EM-14065,"Erin Mull",497.81999999999994
CA-2017-140963,MT-18070,"Michelle Tran",3294.9
CA-2014-154627,SA-20830,"Sue Ann Reed",24623.568000000007
CA-2014-133753,CW-11905,"Carl Weiss",854.0639999999999
CA-2014-113362,AJ-10960,"Astrea Jones",1380.6599999999996
CA-2016-169166,SS-20590,"Sonia Sunley",469.90000000000003
US-2016-120929,RO-19780,"Rose O'Brian",1329.1740000000002
CA-2015-134782,MD-17350,"Maribeth Dona",737.9399999999999
CA-2016-126158,SC-20095,"Sanjit Chand",5489.952000000004
US-2016-105578,MY-17380,"Maribeth Yedwab",6120.1560000000045
CA-2015-145352,CM-12385,"Christopher Martinez",25651.08
CA-2017-135307,LS-17245,"Lynn Smith",986.0399999999997
CA-2017-127432,AD-10180,"Alan Dominguez",29325.660000000003
CA-2015-157812,DB-13210,"Dean Braden",1296.5760000000007
CA-2017-145142,MC-17605,"Matt Connell",1476.86
US-2016-139486,LH-17155,"Logan Haushalter",728.616
CA-2017-113558,PH-18790,"Patricia Hirasaki",729.648
US-2015-138303,MG-18145,"Mike Gockenbach",2265.288000000001
CA-2015-102848,KB-16240,"Karen Bern",1144.32
CA-2016-168753,RL-19615,"Rob Lucas",5013.5
US-2017-122637,EP-13915,"Emily Phan",639.2399999999999
CA-2015-134894,DK-12985,"Darren Koutras",2184.3
CA-2014-140795,BD-11500,"Bradley Drucker",2813.4
CA-2016-136924,ES-14080,"Erin Smith",3046.912
US-2015-120161,LM-17065,"Liz MacKendrick",3233.8799999999997
CA-2014-103849,PG-18895,"Paul Gonzalez",1800.1280000000006
CA-2015-113173,DK-13225,"Dean Katz",1892.4920000000002
CA-2016-136406,BD-11320,"Bill Donatelli",11215.679999999998
CA-2017-100650,DK-13225,"Dean Katz",9070.46
CA-2016-113243,OT-18730,"Olvera Toch",6943.899999999999
CA-2017-118731,LP-17080,"Liz Pelletier",379.96799999999996
CA-2017-137099,FP-14320,"Frank Preis",2246.256
CA-2017-156951,EB-13840,"Ellis Ballard",1930.5600000000002
CA-2017-164826,JF-15415,"Jennifer Ferguson",807.1440000000001
CA-2015-149713,TG-21640,"Trudy Glocke",751.7599999999996
CA-2017-118640,CS-11950,"Carlos Soltero",557.696
CA-2015-132906,CC-12145,"Charles Crestani",309.12
CA-2017-145233,DV-13465,"Dianna Vittorini",5101.315
CA-2015-128139,BD-11725,"Bruce Degenhardt",2195.46
US-2016-156986,ZC-21910,"Zuschuss Carroll",1459.798999999999
CA-2014-131450,LR-16915,"Lena Radford",10249.080000000002
US-2016-100720,CK-12205,"Chloris Kastensmidt",7086.1780000000035
CA-2014-149958,AS-10240,"Alan Shonely",2224.6920000000014
US-2014-105767,AR-10510,"Andrew Roberts",398.18999999999994
CA-2016-161816,NB-18655,"Nona Balk",3082.304
CA-2016-121223,GD-14590,"Giulietta Dortch",2949.576
CA-2017-138611,CK-12595,"Clytie Kelty",1235.8799999999994
CA-2017-117947,NG-18355,"Nat Gilpin",1418.8699999999997
CA-2015-138009,SF-20965,"Sylvia Foulston",13882.229999999994
CA-2017-153787,AT-10735,"Annie Thurman",874.4399999999998
US-2016-135720,FM-14380,"Fred McMath",5975.568000000001
CA-2017-144694,BD-11605,"Brian Dahlen",1522.944
CA-2015-168004,DJ-13420,"Denny Joy",1178.82
US-2016-123470,ME-17725,"Max Engle",988.4699999999999
CA-2016-115917,RB-19465,"Rick Bensley",11710.864000000012
CA-2017-167913,JL-15835,"John Lee",3209.8500000000004
CA-2017-106103,SC-20305,"Sean Christensen",927.64
CA-2017-126221,CC-12430,"Chuck Clark",1674.3999999999999
CA-2016-103947,BB-10990,"Barry Blumstein",308.52
CA-2016-160745,AR-10825,"Anthony Rawles",5065.407999999999
CA-2016-132661,SR-20740,"Steven Roelle",2276.4
CA-2017-140844,AR-10405,"Allen Rosenblatt",1004.7
CA-2016-137239,CR-12730,"Craig Reiter",753.4739999999999
US-2016-156097,EH-14125,"Eugene Hildebrand",7036.800000000001
CA-2015-146563,CB-12025,"Cassandra Brandow",26450.209999999985
CA-2016-123666,SP-20545,"Sibella Parks",2299.75
CA-2017-132682,TH-21235,"Tiffany House",3432.744
CA-2014-156314,RP-19390,"Resi Pölking",273.24000000000007
US-2017-106663,MO-17800,"Meg O'Connel",797.406
CA-2017-130351,RB-19570,"Rob Beeghly",798.9199999999998
US-2017-119438,CD-11980,"Carol Darley",592.044
CA-2016-164511,DJ-13630,"Doug Jacobs",295.82399999999996
US-2017-168116,GT-14635,"Grant Thornton",24502.259999999995
CA-2014-157784,MC-17845,"Michael Chen",3084.1800000000003
CA-2017-161480,RA-19285,"Ralph Arnett",1535.8719999999998
US-2014-117135,NP-18325,"Naresj Patel",2128.35
CA-2015-131534,AB-10165,"Alan Barnes",1397.4800000000007
CA-2015-119291,JO-15550,"Jesus Ocampo",2281.9680000000008
CA-2016-163755,AS-10285,"Alejandro Savely",1259.2800000000002
CA-2015-142027,JK-15370,"Jay Kimmel",2959.2959999999994
CA-2014-138527,BN-11470,"Brad Norvell",769.6960000000001
CA-2014-112158,DP-13165,"David Philippe",2101.1999999999994
CA-2014-113887,TH-21550,"Tracy Hopkins",332.88
US-2017-100048,RS-19765,"Roland Schwarz",6225.030000000002
CA-2017-108910,KC-16540,"Kelly Collister",412.224
CA-2014-104472,CK-12325,"Christine Kargatis",665.6399999999999
CA-2016-112942,RD-19810,"Ross DeVincentis",1174.5599999999997
CA-2016-142335,MP-17965,"Michael Paige",17543.790000000005
CA-2014-117429,MR-17545,"Mathew Reese",519.68
CA-2016-114713,SC-20695,"Steve Chapman",410.25600000000003
CA-2017-144113,JF-15355,"Jay Fein",441.36000000000007
US-2016-150861,EG-13900,"Emily Grady",5826.64
CA-2017-131954,DS-13030,"Darrin Sayre",2616.968
CA-2014-132500,GZ-14470,"Gary Zandusky",399.84000000000003
CA-2014-112326,PO-19195,"Phillina Ober",1440.2999999999997
US-2016-146710,SS-20875,"Sung Shariari",280.72000000000014
CA-2014-124429,MH-17785,"Maya Herman",5558.6399999999985
CA-2017-126074,RF-19735,"Roland Fjeld",1929.5500000000009
CA-2016-110499,YC-21895,"Yoseph Carroll",5999.880000000001
CA-2015-135272,MS-17830,"Melanie Seite",319.68
CA-2016-140928,NB-18655,"Nona Balk",3067.5040000000004
CA-2014-106803,DC-13285,"Debra Catini",721.8
CA-2015-112319,AR-10510,"Andrew Roberts",291.6
CA-2015-114923,LH-17020,"Lisa Hazard",431.928
CA-2014-162775,CS-12250,"Chris Selesnick",12872.600000000002
CA-2014-106810,AJ-10795,"Anthony Johnson",1865.2800000000002
CA-2016-157245,LE-16810,"Laurel Elliston",3209.8
CA-2017-104220,BV-11245,"Benjamin Venier",1701.0999999999992
CA-2015-144267,NZ-18565,"Nick Zandusky",5689.331999999994
US-2015-157014,BM-11785,"Bryan Mills",1116.352
CA-2015-154921,EA-14035,"Erin Ashbrook",2240.28
CA-2015-154620,LT-17110,"Liz Thompson",2791.4239999999995
CA-2015-115938,SA-20830,"Sue Ann Reed",4818.24
CA-2016-105256,JK-15730,"Joe Kamberova",12275.64
CA-2015-124653,DB-13120,"David Bremer",1171.1699999999998
CA-2015-101910,CD-11920,"Carlos Daly",1135.68
CA-2017-105809,HW-14935,"Helen Wasserman",1667.386
CA-2016-136133,HW-14935,"Helen Wasserman",2487.2400000000002
CA-2014-134313,RA-19915,"Russell Applegate",18244.296000000002
CA-2015-140921,AA-10375,"Allen Armold",1605.3300000000002
CA-2014-151995,ZC-21910,"Zuschuss Carroll",17047.469999999983
CA-2017-143686,PJ-19015,"Pauline Johnson",8509.26
CA-2015-106565,BW-11110,"Bart Watters",362.8800000000001
CA-2014-140858,CA-12775,"Cynthia Arntzen",9838.266000000003
CA-2017-101434,TR-21325,"Toby Ritter",1248.9499999999996
US-2014-102071,PG-18820,"Patrick Gardner",2593.4699999999993
CA-2017-126956,GT-14710,"Greg Tran",700.1599999999999
CA-2017-129462,JE-15745,"Joel Eaton",8887.07999999999
CA-2016-165316,JB-15400,"Jennifer Braxton",2919.4829999999997
CA-2015-100454,BM-11650,"Brian Moss",2580.1799999999994
CA-2016-161669,EM-14095,"Eudokia Martin",361.58400000000006
CA-2015-114300,AF-10885,"Art Foster",1486.64
CA-2014-107755,CK-12760,"Cyma Kinney",1038.24
CA-2016-152534,DP-13105,"Dave Poirier",308.28
CA-2016-113747,VD-21670,"Valerie Dominguez",1115.28
CA-2016-123274,GT-14710,"Greg Tran",2299.2000000000003
CA-2014-125612,BK-11260,"Berenike Kampe",818.1
CA-2016-134474,AJ-10795,"Anthony Johnson",1535.4240000000002
CA-2014-149020,AJ-10780,"Anthony Jacobs",383.81
CA-2016-158099,PK-18910,"Paul Knutson",2844.5040000000004
CA-2015-131128,TB-21520,"Tracy Blumstein",309.96
CA-2014-148488,SM-20005,"Sally Matthias",319.032
CA-2017-114636,GA-14725,"Guy Armstrong",1921.6000000000004
CA-2016-116736,CC-12430,"Chuck Clark",5796.4
CA-2017-111689,HP-14815,"Harold Pawlan",9179.604
CA-2017-115364,OT-18730,"Olvera Toch",418.8
CA-2014-104976,CK-12760,"Cyma Kinney",312.12
CA-2017-132934,JE-15475,"Jeremy Ellison",1207.5719999999997
CA-2017-133256,TH-21550,"Tracy Hopkins",3359.04
CA-2016-105494,PC-18745,"Pamela Coakley",903.3120000000001
CA-2014-144407,MS-17365,"Maribeth Schnelling",1036
CA-2017-160983,GB-14530,"George Bell",375.67999999999995
CA-2017-150959,TD-20995,"Tamara Dahlen",258.9840000000001
CA-2017-132353,DB-13060,"Dave Brooks",2267.8320000000003
CA-2016-130477,LC-17140,"Logan Currie",783.6800000000003
CA-2017-143259,PO-18865,"Patrick O'Donnell",3267.893999999998
CA-2017-137596,BE-11335,"Bill Eplett",17404.800000000003
CA-2017-102519,BM-11650,"Brian Moss",1906.7
US-2014-141215,KL-16555,"Kelly Lampkin",7251.4400000000005
CA-2016-165218,RW-19630,"Rob Williams",1461.0959999999998
CA-2015-111164,SE-20110,"Sanjit Engle",5651.030000000001
CA-2016-149797,AH-10075,"Adam Hart",8415.68
CA-2014-132962,JM-15535,"Jessica Myrick",1337.76
CA-2017-144932,AB-10165,"Alan Barnes",828.2399999999997
CA-2016-140081,CG-12040,"Catherine Glotzbach",2464.83
US-2017-111745,RA-19885,"Ruben Ausman",1119.93
CA-2015-148250,RP-19270,"Rachel Payne",589.76
CA-2016-142958,RW-19630,"Rob Williams",10028.448
CA-2015-120880,JL-15850,"John Lucas",4444.380000000002
US-2015-140200,CA-12775,"Cynthia Arntzen",2358.9900000000002
US-2017-110576,RB-19795,"Ross Baird",25409.552000000003
CA-2017-119305,SW-20275,"Scott Williamson",869
CA-2017-102414,JA-15970,"Joseph Airdo",274.752
CA-2015-112571,DL-12925,"Daniel Lacy",1227.6
CA-2017-152142,LW-16990,"Lindsay Williams",964.704
CA-2017-135279,BS-11800,"Bryan Spruell",1521.6
CA-2014-115791,DL-13315,"Delfina Latchford",2099.7479999999996
US-2017-103247,PO-19195,"Phillina Ober",1183.61
CA-2017-159366,BW-11110,"Bart Watters",21419.874
CA-2015-157035,KB-16600,"Ken Brennan",238.14000000000004
CA-2016-144939,EB-13870,"Emily Burns",5393.628000000001
CA-2014-163419,TZ-21580,"Tracy Zic",4669.184
CA-2017-100314,AS-10630,"Ann Steele",2607.1220000000003
CA-2017-167899,JG-15805,"John Grady",3228.119999999999
CA-2015-153549,SL-20155,"Sara Luxemburg",7001.52
CA-2016-105585,RF-19735,"Roland Fjeld",1155.91
CA-2014-117639,MW-18235,"Mitch Willingham",6667.8
CA-2015-162537,RD-19585,"Rob Dowd",940.5900000000003
CA-2016-155488,FM-14290,"Frank Merwin",352.15999999999997
CA-2015-124891,RH-19495,"Rick Hansen",13679.488
CA-2015-126445,RA-19945,"Ryan Akin",2423.25
CA-2015-111199,JK-15730,"Joe Kamberova",1037.6640000000002
CA-2017-135034,AT-10735,"Annie Thurman",863.8560000000001
CA-2017-118437,PF-19165,"Philip Fox",1015.6799999999998
US-2015-126214,JS-15880,"John Stevenson",8589.85
CA-2015-108665,KM-16225,"Kalyca Meade",5378.28
CA-2015-124450,GT-14710,"Greg Tran",21361.519999999997
CA-2016-126529,DE-13255,"Deanra Eno",377.8080000000001
CA-2014-163552,LA-16780,"Laura Armstrong",15054.820000000005
CA-2016-127670,RD-19660,"Robert Dilbeck",3485.7999999999997
CA-2016-102981,MO-17500,"Mary O'Rourke",3016.8479999999995
CA-2017-115651,NS-18640,"Noel Staavos",807.6479999999997
CA-2017-152702,SN-20710,"Steve Nguyen",1527.624
CA-2016-169103,ZC-21910,"Zuschuss Carroll",16129.520000000004
CA-2014-139192,LC-16885,"Lena Creighton",13348.434
US-2015-153500,DG-13300,"Deirdre Greer",2290.3599999999997
CA-2015-110667,NF-18595,"Nicole Fjeld",1265.952
US-2015-125374,JD-16060,"Julia Dunbar",323.31600000000003
CA-2015-161263,TS-21160,"Theresa Swint",1435.2240000000008
CA-2016-157686,BD-11620,"Brian DeCherney",1169.088
CA-2016-134348,MS-17710,"Maurice Satty",255.73200000000006
CA-2017-132521,DW-13540,"Don Weiss",791.4000000000002
CA-2015-110016,BT-11395,"Bill Tyler",5634.15
US-2016-143819,KD-16270,"Karen Daniels",30629.11
CA-2016-166163,CY-12745,"Craig Yedwab",601.0079999999998
CA-2017-158407,LW-16990,"Lindsay Williams",311.90399999999994
CA-2015-143490,NP-18325,"Naresj Patel",1696.6699999999998
CA-2015-165085,BT-11485,"Brad Thomas",769.72
CA-2017-160423,PS-19045,"Penelope Sewall",2687.944000000001
CA-2014-159338,NS-18640,"Noel Staavos",5374.080000000001
CA-2016-107216,PV-18985,"Paul Van Hugh",268.49999999999994
US-2016-110156,EH-13945,"Eric Hoffmann",2076.676
CA-2017-140585,RA-19915,"Russell Applegate",2578.3650000000002
CA-2015-142755,CS-12355,"Christine Sundaresam",10114.390000000014
US-2014-147627,HL-15040,"Hunter Lopez",11156.400000000007
CA-2015-105970,PA-19060,"Pete Armstrong",672.2399999999999
CA-2016-112102,BD-11605,"Brian Dahlen",2692.859999999999
US-2016-134908,JS-15940,"Joni Sundaresam",660.8399999999997
US-2016-148803,LR-16915,"Lena Radford",426.12
CA-2016-152170,FH-14275,"Frank Hawley",3448.259999999999
CA-2014-146969,AP-10915,"Arthur Prichep",7746.4000000000015
CA-2015-112452,NC-18340,"Nat Carroll",6368.030000000001
CA-2017-160395,KL-16555,"Kelly Lampkin",1307.2640000000001
CA-2014-136567,PS-19045,"Penelope Sewall",20190.589999999997
CA-2016-149314,GB-14530,"George Bell",1561.472
CA-2017-147039,AA-10315,"Alex Avila",1497.9199999999998
CA-2014-127964,AP-10720,"Anne Pryor",1127.4899999999998
CA-2015-125416,KC-16540,"Kelly Collister",1791.72
CA-2017-145226,DL-13315,"Delfina Latchford",3036.460000000001
CA-2016-113621,JE-15745,"Joel Eaton",4229.639999999998
CA-2016-168081,CA-12055,"Cathy Armstrong",1034.784
CA-2014-128146,DB-13060,"Dave Brooks",9286.830000000002
CA-2014-127131,HR-14830,"Harold Ryan",4328.856000000001
CA-2017-117212,BT-11530,"Bradley Talbott",8442.880000000003
US-2015-130519,NG-18355,"Nat Gilpin",559.5200000000001
CA-2016-130946,ZC-21910,"Zuschuss Carroll",17783.744000000002
CA-2016-114727,LS-16945,"Linda Southworth",13991.039999999999
CA-2017-133235,LH-16750,"Larry Hughes",815.8799999999999
CA-2016-137050,SW-20755,"Steven Ward",1327.9279999999999
US-2017-118087,SP-20620,"Stefania Perrino",22114.269
CA-2014-110184,BF-11170,"Ben Ferrer",5056.86
CA-2016-126004,BM-11140,"Becky Martin",1988.9520000000007
CA-2017-100013,ZC-21910,"Zuschuss Carroll",326.59
CA-2015-132570,KT-16480,"Kean Thornton",827.4
CA-2016-153682,BG-11695,"Brooke Gillingham",5039.928000000001
CA-2016-144344,PG-18820,"Patrick Gardner",3458.3229999999985
CA-2014-127012,GM-14680,"Greg Matthias",381.3999999999999
US-2016-162859,PG-18820,"Patrick Gardner",4477.792000000002
CA-2017-133641,EJ-14155,"Eva Jacobs",243.45
CA-2014-168494,NP-18700,"Nora Preis",32413.573499999995
CA-2017-115602,DJ-13630,"Doug Jacobs",5777.036
CA-2015-154956,IM-15070,"Irene Maddox",7699.72
CA-2017-144638,MH-18115,"Mick Hernandez",825.5339999999999
US-2016-168620,RB-19795,"Ross Baird",5765.270000000001
CA-2017-117079,JR-15700,"Jocasta Rupert",863.88
CA-2016-155992,CC-12220,"Chris Cortes",1117.4999999999998
US-2014-167738,JC-16105,"Julie Creighton",2175.66
US-2016-103646,SP-20545,"Sibella Parks",979.8799999999999
CA-2016-119186,MS-17710,"Maurice Satty",2862.8520000000003
CA-2016-148698,BD-11770,"Bryan Davis",345.408
CA-2014-163293,KC-16255,"Karen Carlisle",584.25
CA-2016-160815,TR-21325,"Toby Ritter",1392
CA-2017-122154,SA-20830,"Sue Ann Reed",2557.709999999999
CA-2016-154711,TB-21355,"Todd Boyes",303.5
CA-2016-163384,CC-12430,"Chuck Clark",364.92799999999994
CA-2015-101707,PF-19165,"Philip Fox",901.3200000000004
CA-2015-138898,JH-16180,"Justin Hirsh",3382.912
CA-2016-134425,QJ-19255,"Quincy Jones",804.6500000000001
CA-2016-137043,LC-17140,"Logan Currie",6873.120000000002
CA-2015-115847,TC-21535,"Tracy Collins",309.8
US-2017-126179,CS-12460,"Chuck Sachs",623.9200000000001
CA-2016-101966,BM-11785,"Bryan Mills",3359.552
CA-2016-141397,RC-19825,"Roy Collins",2458.5600000000004
CA-2016-141082,FM-14380,"Fred McMath",1132.29
US-2016-134488,PK-19075,"Pete Kriz",1553.7200000000005
CA-2016-145919,HG-14965,"Henry Goldwyn",6868.260000000001
CA-2014-160773,LW-16825,"Laurel Workman",2905.520000000001
CA-2017-167703,MC-17575,"Matt Collins",2035.4670000000006
CA-2017-121804,LP-17095,"Liz Preis",509.6
CA-2015-120439,AD-10180,"Alan Dominguez",357.504
CA-2017-106033,FG-14260,"Frank Gastineau",527.52
CA-2017-127705,AB-10255,"Alejandro Ballentine",243.28
CA-2014-121664,HP-14815,"Harold Pawlan",985.1519999999999
CA-2016-122133,JR-15670,"Jim Radford",1105.12
CA-2017-100524,CM-12115,"Chad McGuire",2347.2
CA-2017-113481,AS-10045,"Aaron Smayling",5071.8780000000015
CA-2015-131758,KB-16315,"Karl Braun",547.8299999999999
CA-2014-118339,BN-11515,"Bradley Nguyen",999.6799999999996
CA-2014-153976,BP-11290,"Beth Paige",1549.674
CA-2017-162978,LW-16990,"Lindsay Williams",1507.422
US-2014-160444,DC-12850,"Dan Campbell",4519.8
CA-2016-145247,ND-18370,"Natalie DeCherney",712.26
US-2014-151925,KT-16465,"Kean Takahito",873.408
CA-2017-125199,HM-14860,"Harry Marie",4565.120000000001
US-2017-155425,AB-10600,"Ann Blume",5900.216
CA-2017-133249,SZ-20035,"Sam Zeldin",1459.0000000000002
US-2015-103471,JR-15670,"Jim Radford",1208.196
CA-2017-136672,MG-17890,"Michael Granlund",441.7199999999999
US-2014-157021,KM-16720,"Kunst Miller",373.50400000000013
CA-2015-120362,CA-12265,"Christina Anderson",8214.75
CA-2014-126361,VD-21670,"Valerie Dominguez",11802.80399999999
US-2016-100566,JK-16120,"Julie Kriz",755.568
US-2016-108504,PP-18955,"Paul Prost",19210.699999999983
US-2017-117247,CK-12760,"Cyma Kinney",6471.855000000003
CA-2016-124485,NC-18340,"Nat Carroll",618.2800000000001
CA-2016-159212,KM-16375,"Katherine Murray",1915.1299999999999
US-2016-161396,GM-14455,"Gary Mitchum",3747.456
US-2014-118486,SD-20485,"Shirley Daniels",2536.668000000001
CA-2016-130407,KD-16270,"Karen Daniels",577.3000000000001
US-2016-122245,AB-10105,"Adrian Barton",3145.32
CA-2017-105144,SZ-20035,"Sam Zeldin",236.80000000000004
CA-2016-136329,JD-15895,"Jonathan Doherty",4586.288
CA-2014-146640,HA-14905,"Helen Abelman",2008.608
CA-2017-115994,BT-11305,"Beth Thompson",1110.84
CA-2015-126697,SV-20815,"Stuart Van",4409.887999999999
CA-2015-124800,RW-19540,"Rick Wilson",5220.375
US-2015-164448,DK-12835,"Damala Kotsonis",5780.376
CA-2016-134208,CS-12505,"Cindy Stewart",2376
CA-2014-122882,SB-20290,"Sean Braxton",3773.518
CA-2017-108441,SB-20170,"Sarah Bern",2863.6440000000002
CA-2015-148635,MH-18025,"Michelle Huthwaite",6444.240000000001
CA-2017-131016,DC-12850,"Dan Campbell",508.608
CA-2016-136371,SV-20935,"Susan Vittorini",282.4
CA-2016-168536,SC-20800,"Stuart Calhoun",265.2
CA-2017-159464,TB-21355,"Todd Boyes",2624.2500000000005
CA-2016-109925,IM-15070,"Irene Maddox",593.8800000000001
CA-2017-169691,Dp-13240,"Dean percer",1615.79
US-2014-112991,SH-19975,"Sally Hughsby",4006.9919999999997
CA-2017-143756,ME-17725,"Max Engle",4913.72
CA-2015-156328,RM-19375,"Raymond Messe",1064.8799999999999
CA-2014-166086,CT-11995,"Carol Triggs",8730.8
CA-2017-146346,RA-19945,"Ryan Akin",731.76
CA-2016-125094,NP-18700,"Nora Preis",3358.040000000001
CA-2016-109953,RB-19360,"Raymond Buch",1756.7759999999994
CA-2015-108588,BG-11695,"Brooke Gillingham",541.0080000000002
CA-2015-112711,FM-14380,"Fred McMath",2764.5120000000006
CA-2015-149083,SH-19975,"Sally Hughsby",5276.875999999996
CA-2016-125843,RF-19840,"Roy Französisch",881.44
US-2016-117793,MA-17560,"Matt Abelman",717.6600000000007
CA-2014-144974,CM-12715,"Craig Molinari",274.12
CA-2017-156776,JL-15505,"Jeremy Lonsdale",15193.116000000007
CA-2016-154998,ES-14080,"Erin Smith",303.52
CA-2017-154116,KM-16660,"Khloe Miller",1369.6300000000003
US-2016-132423,MY-18295,"Muhammed Yedwab",456.8080000000002
CA-2014-135657,SC-20725,"Steven Cartwright",4642.92
CA-2017-124576,HK-14890,"Heather Kirkland",439.16800000000006
CA-2016-164784,HF-14995,"Herbert Flentye",2264.076000000001
CA-2017-132430,CP-12085,"Cathy Prescott",321.21599999999995
US-2017-135062,RL-19615,"Rob Lucas",1147.72
CA-2017-149559,KF-16285,"Karen Ferguson",14625.884000000002
US-2014-117170,KT-16465,"Kean Takahito",315.64800000000014
CA-2015-152527,CM-12190,"Charlotte Melton",467.28
CA-2015-164336,MW-18220,"Mitch Webber",368.88
CA-2014-114510,JF-15295,"Jason Fortune-",1401.3799999999994
CA-2015-127173,GM-14500,"Gene McClure",6690.833999999996
CA-2016-121748,VW-21775,"Victoria Wilson",4139.82
CA-2014-124730,LS-17245,"Lynn Smith",2487.78
CA-2015-161711,MC-17425,"Mark Cousins",652
CA-2016-121020,CG-12040,"Catherine Glotzbach",1199.88
CA-2015-162761,SC-20575,"Sonia Cooley",252.31000000000003
CA-2017-105669,SJ-20125,"Sanjit Jacobs",19248.922
CA-2015-125976,JK-15205,"Jamie Kunitz",10133.900000000001
CA-2014-167997,CA-11965,"Carol Adams",915.8400000000001
US-2017-132220,DJ-13510,"Don Jones",498.8159999999999
CA-2015-148873,EM-13960,"Eric Murdock",558.8000000000001
CA-2015-162369,TT-21265,"Tim Taslimi",969.3000000000001
CA-2016-131499,MG-17875,"Michael Grace",1037.3999999999999
CA-2014-140039,ON-18715,"Odella Nelson",714.5999999999999
US-2016-143448,MH-17455,"Mark Hamilton",11399.199999999999
CA-2014-116757,MS-17980,"Michael Stewart",236.16000000000008
US-2014-138247,BF-11170,"Ben Ferrer",14611.720000000005
CA-2017-129910,ME-17320,"Maria Etezadi",537.84
CA-2016-160220,JS-16030,"Joy Smith",2031.2399999999996
CA-2017-150623,DB-13360,"Dennis Bolton",1930.7000000000003
CA-2015-153794,SB-20290,"Sean Braxton",1861.0200000000004
CA-2016-130442,SF-20065,"Sandra Flanagan",244.60800000000006
CA-2017-141201,DB-12910,"Daniel Byrd",1037.7990000000002
US-2017-163657,JL-15235,"Janet Lee",1276.24
US-2017-160143,HG-14965,"Henry Goldwyn",267.29999999999995
CA-2014-102330,AI-10855,"Arianne Irving",3678.9119999999994
CA-2016-116603,AT-10735,"Annie Thurman",413.63999999999993
CA-2017-120168,TB-21625,"Trudy Brown",6448.400000000001
US-2017-150070,JA-15970,"Joseph Airdo",1292.544
CA-2015-135853,CA-12775,"Cynthia Arntzen",1945.32
CA-2016-143805,JD-15895,"Jonathan Doherty",17162.000000000004
CA-2014-160276,AH-10690,"Anna Häberlin",2132.1600000000003
US-2017-147655,AS-10045,"Aaron Smayling",616.5179999999999
US-2017-108343,AR-10825,"Anthony Rawles",2888.3520000000008
CA-2017-149489,DK-12835,"Damala Kotsonis",1295.8320000000015
CA-2016-106894,CA-12265,"Christina Anderson",970.4700000000004
CA-2014-117345,BF-10975,"Barbara Fisher",1420.2720000000002
CA-2014-142587,TB-21520,"Tracy Blumstein",4782.438000000001
CA-2015-159786,RK-19300,"Ralph Kennedy",419.34
CA-2017-155460,RW-19630,"Rob Williams",8110.8
US-2014-165659,LT-17110,"Liz Thompson",7233.040000000001
CA-2017-128475,SC-20680,"Steve Carroll",359.90000000000003
CA-2017-137022,SW-20275,"Scott Williamson",4056.3999999999996
CA-2017-169859,MP-18175,"Mike Pelletier",1214.1900000000005
US-2017-140907,BP-11185,"Ben Peterman",3137.759999999999
CA-2017-148404,Dp-13240,"Dean percer",11299.309999999987
CA-2017-166198,JW-15955,"Joni Wasserman",1044.84
CA-2016-149979,RA-19915,"Russell Applegate",4384.980000000001
CA-2014-133704,MA-17995,"Michelle Arnett",384.9119999999999
CA-2015-165050,AH-10210,"Alan Hwang",7217.892000000002
CA-2014-149538,KB-16585,"Ken Black",4014.2300000000014
CA-2017-126396,AR-10345,"Alex Russell",340.8
US-2016-106600,RM-19375,"Raymond Messe",2129.4
CA-2017-111262,KH-16510,"Keith Herrera",460.0959999999999
CA-2014-154095,ON-18715,"Odella Nelson",4167.36
CA-2014-145541,TB-21400,"Tom Boeckenhauer",41999.76
CA-2016-129728,JG-15310,"Jason Gross",839.2
CA-2015-164567,GK-14620,"Grace Kelly",1579.032
CA-2017-100783,JK-16120,"Julie Kriz",273.4560000000001
CA-2015-132465,DM-13525,"Don Miller",3246.4499999999994
CA-2016-142594,EJ-14155,"Eva Jacobs",7585.245
CA-2016-120824,AW-10930,"Arthur Wiediger",3815.6440000000002
CA-2015-119627,SC-20725,"Steven Cartwright",2964.960000000001
CA-2014-104563,CM-12715,"Craig Molinari",4575.2880000000005
CA-2017-157448,LC-16885,"Lena Creighton",1455.9600000000012
CA-2015-133396,GK-14620,"Grace Kelly",452.76000000000005
CA-2017-167381,EH-14005,"Erica Hernandez",1887.7600000000002
CA-2017-134404,DR-12880,"Dan Reichenbach",1243.4520000000005
CA-2014-129574,Dp-13240,"Dean percer",532.3999999999999
US-2015-100377,TS-21370,"Todd Sumrall",13999.8
CA-2014-131527,TB-21280,"Toby Braunhardt",479.84000000000003
CA-2014-158372,RD-19900,"Ruben Dartt",7269.173999999996
CA-2017-128699,ND-18370,"Natalie DeCherney",431.92800000000005
CA-2015-141145,DB-13405,"Denny Blanton",348.672
CA-2017-118367,LO-17170,"Lori Olson",239.89999999999998
CA-2017-127306,BH-11710,"Brosina Hoffman",1400.6880000000006
CA-2015-147102,NH-18610,"Nicole Hansen",464.52000000000004
CA-2014-111192,TS-21430,"Tom Stivers",6839.2
CA-2016-134936,ES-14080,"Erin Smith",3772.992000000001
CA-2016-136686,RF-19840,"Roy Französisch",3081.1199999999994
US-2017-152492,AH-10585,"Angele Hood",717.72
CA-2017-143378,JR-16210,"Justin Ritter",3488.060000000001
CA-2016-129126,PK-19075,"Pete Kriz",821.2999999999998
US-2017-126053,CS-11950,"Carlos Soltero",411.2799999999999
US-2017-167920,JL-15835,"John Lee",16447.589999999997
CA-2017-112844,SP-20620,"Stefania Perrino",1786.9500000000005
CA-2017-135909,JW-15220,"Jane Waco",31955.303999999996
CA-2015-168760,MM-18280,"Muhammed MacIntyre",430.08
CA-2016-148747,AS-10045,"Aaron Smayling",3343.6620000000003
CA-2015-132388,KN-16390,"Katherine Nockton",3538.674000000002
CA-2015-131422,GB-14530,"George Bell",1656
US-2017-147221,JS-16030,"Joy Smith",1820.2319999999995
CA-2016-145905,AM-10705,"Anne McFarland",10113.119999999999
CA-2017-143063,IL-15100,"Ivan Liston",9875.22
CA-2016-147368,TC-21295,"Toby Carlisle",5565.599999999999
CA-2014-135608,JK-15625,"Jim Karlsson",3897.6000000000004
CA-2014-138436,JD-15895,"Jonathan Doherty",530.4
CA-2017-117702,LS-16975,"Lindsay Shagiari",8573.919999999996
CA-2014-135993,PJ-18835,"Patrick Jones",680.0640000000002
CA-2017-143021,AP-10720,"Anne Pryor",968.6740000000003
CA-2017-151225,JM-15655,"Jim Mitchum",1307.68
CA-2017-100902,CK-12595,"Clytie Kelty",6993.999999999998
CA-2017-103478,KL-16555,"Kelly Lampkin",776.448
CA-2016-107783,OT-18730,"Olvera Toch",7783.469999999998
CA-2014-119144,JD-16150,"Justin Deggeller",5846.819999999999
CA-2017-120614,SM-20950,"Suzanne McNair",337.68
CA-2015-157805,RH-19510,"Rick Huthwaite",3335.76
CA-2014-145254,NC-18535,"Nick Crebassa",5956.968
CA-2015-149748,EM-13825,"Elizabeth Moffitt",2762.0800000000004
CA-2015-159534,DH-13075,"Dave Hallsten",8674.043999999996
CA-2017-163629,RA-19885,"Ruben Ausman",2002.6299999999997
CA-2016-121958,CS-12505,"Cindy Stewart",312.81600000000003
CA-2016-168354,RH-19510,"Rick Huthwaite",15168.480000000001
CA-2017-102771,DO-13435,"Denny Ordway",594.65
CA-2015-153108,SF-20200,"Sarah Foster",761.4900000000002
CA-2017-102750,GM-14695,"Greg Maxwell",3967.0560000000005
CA-2017-145128,SM-20320,"Sean Miller",2632.25
CA-2017-152093,SN-20560,"Skye Norling",4575.564
US-2016-113649,HA-14920,"Helen Andreada",3870.8160000000003
CA-2017-104822,RB-19465,"Rick Bensley",270.05000000000007
CA-2016-162110,NP-18670,"Nora Paige",279.96
CA-2014-114790,FM-14215,"Filia McAdams",6261.039999999998
CA-2016-112256,CK-12205,"Chloris Kastensmidt",2240.128
CA-2014-138709,MS-17770,"Maxwell Schwartz",299.52000000000004
CA-2014-107769,BT-11395,"Bill Tyler",1289.9
CA-2016-120803,RB-19465,"Rick Bensley",2197.25
CA-2015-110814,BD-11635,"Brian Derr",1259.178
CA-2016-159009,DP-13105,"Dave Poirier",1385.7759999999998
CA-2016-113607,PW-19030,"Pauline Webber",9631.119999999994
CA-2017-149181,MD-17350,"Maribeth Dona",335.944
CA-2014-156349,ML-17395,"Marina Lichtenstein",4609.872000000001
CA-2015-114237,MC-17275,"Marc Crier",851.7600000000001
CA-2016-149111,BF-11170,"Ben Ferrer",554.1600000000003
CA-2016-125206,LR-16915,"Lena Radford",572.3
CA-2017-140326,HW-14935,"Helen Wasserman",5948.922000000003
CA-2017-134838,ED-13885,"Emily Ducich",345.06000000000006
US-2015-164308,SC-20680,"Steve Carroll",4109.700000000001
CA-2017-163335,AG-10675,"Anna Gayman",552.9999999999999
CA-2017-117401,PP-18955,"Paul Prost",8650.000000000002
CA-2017-105991,LH-17020,"Lisa Hazard",483.13199999999995
CA-2014-146283,KT-16465,"Kean Takahito",7000.296
CA-2017-142174,DP-13000,"Darren Powers",716.544
CA-2016-122017,CD-11920,"Carlos Daly",610.08
CA-2017-121741,YC-21895,"Yoseph Carroll",3753.3999999999996
CA-2015-103177,EN-13780,"Edward Nazzal",1587.4199999999996
US-2016-138408,KC-16255,"Karen Carlisle",6599.8
US-2017-153255,JK-15730,"Joe Kamberova",2156.9939999999997
CA-2014-104402,DB-13660,"Duane Benoit",461.7900000000001
CA-2016-143714,CC-12370,"Christopher Conant",42695.10000000001
US-2016-127334,MP-18175,"Mike Pelletier",5862.266999999997
CA-2017-139787,JP-16135,"Julie Prescott",283.2
CA-2017-128965,PS-18760,"Pamela Stobb",2813.5099999999993
CA-2016-144309,CM-12235,"Chris McAfee",3399.8
CA-2014-161634,CC-12220,"Chris Cortes",323.99999999999994
CA-2015-162964,MF-18250,"Monica Federle",1521.12
CA-2017-104619,KD-16495,"Keith Dawkins",3716.9639999999995
CA-2014-121762,ML-17395,"Marina Lichtenstein",4484.4
CA-2017-143798,AW-10840,"Anthony Witt",1284.992
US-2017-117534,CV-12295,"Christina VanderZanden",5345.660000000002
CA-2017-117653,MO-17500,"Mary O'Rourke",365.1
CA-2016-109722,TP-21130,"Theone Pippenger",11563.199999999997
CA-2014-138450,EH-13765,"Edward Hooks",2245.2479999999982
CA-2017-148999,EB-13870,"Emily Burns",3772.224
CA-2014-126802,ZC-21910,"Zuschuss Carroll",428.736
CA-2016-130288,DK-13225,"Dean Katz",2192.232
CA-2015-105613,KN-16705,"Kristina Nunn",706.02
CA-2014-150329,SD-20485,"Shirley Daniels",421.84800000000007
CA-2015-156734,BV-11245,"Benjamin Venier",3350.004999999999
CA-2017-111269,CS-12355,"Christine Sundaresam",5542.592000000002
CA-2017-168942,EM-13960,"Eric Murdock",932.6999999999999
CA-2017-117443,JB-15400,"Jennifer Braxton",1707.4080000000004
CA-2017-125381,SG-20605,"Speros Goranitis",539.85
CA-2017-100097,MN-17935,"Michael Nguyen",6691.500000000001
CA-2014-100916,FH-14275,"Frank Hawley",7099.740000000001
US-2017-128951,RS-19420,"Ricardo Sperren",5329.2
CA-2015-139374,AR-10345,"Alex Russell",719.544
CA-2017-104864,JS-15685,"Jim Sink",2211.4240000000013
CA-2016-162390,DP-13105,"Dave Poirier",11697.560000000001
CA-2014-119172,HD-14785,"Harold Dahlen",366.156
CA-2016-107104,MS-17365,"Maribeth Schnelling",35087.93999999997
CA-2014-156160,AS-10090,"Adam Shillingsburg",4857.944
CA-2017-128160,MM-17920,"Michael Moore",366.72
CA-2015-140410,CM-12655,"Corinna Mitchell",6727.090000000003
US-2017-101539,VM-21685,"Valerie Mitchum",4990.762
CA-2016-139157,GM-14680,"Greg Matthias",1652.94
CA-2016-124352,CD-12790,"Cynthia Delaney",5291.350000000002
CA-2015-153325,ST-20530,"Shui Tom",411.0400000000001
CA-2017-113530,BC-11125,"Becky Castell",5814.624000000001
CA-2016-167556,JM-15250,"Janet Martin",2991.648
CA-2016-135265,CC-12370,"Christopher Conant",15684.340000000002
CA-2017-121300,MG-17680,"Maureen Gastineau",2772.5200000000004
CA-2014-151792,CV-12295,"Christina VanderZanden",1199.88
CA-2017-158722,MA-17560,"Matt Abelman",409.75200000000007
CA-2014-151162,EA-14035,"Erin Ashbrook",4349.592000000001
CA-2014-164315,RD-19585,"Rob Dowd",10986.029999999999
CA-2014-145800,SS-20410,"Shahid Shariari",2132.73
CA-2017-145702,AH-10075,"Adam Hart",3422.3999999999983
CA-2014-108609,AJ-10780,"Anthony Jacobs",9951.648000000001
CA-2017-155159,DL-13315,"Delfina Latchford",342.09
CA-2016-131380,CC-12220,"Chris Cortes",939
CA-2017-117114,CY-12745,"Craig Yedwab",4149.4400000000005
CA-2016-146325,DS-13180,"David Smith",1946.0159999999996
CA-2015-136728,AG-10900,"Arthur Gainer",1778.9600000000005
CA-2016-128671,MT-18070,"Michelle Tran",607.28
CA-2016-134544,AC-10660,"Anna Chung",339.136
US-2017-108315,MH-18115,"Mick Hernandez",2029.9139999999998
CA-2015-142930,EB-14170,"Evan Bailliet",2013.12
CA-2014-152618,RB-19465,"Rick Bensley",6416.938000000003
CA-2017-147032,LB-16795,"Laurel Beltran",6980.000000000001
CA-2015-138002,BT-11305,"Beth Thompson",791.664
CA-2016-144792,KD-16615,"Ken Dana",447.552
CA-2017-101042,AB-10105,"Adrian Barton",6750.72
CA-2017-131828,CS-11845,"Cari Sayre",3155.7359999999994
CA-2016-137848,WB-21850,"William Brown",1135.5840000000005
CA-2017-166576,JM-15865,"John Murray",1547.1679999999997
CA-2015-136196,TP-21415,"Tom Prescott",1612.9499999999998
CA-2016-116547,KB-16585,"Ken Black",1648.9
CA-2017-163125,MB-17305,"Maria Bertelson",3212.02
CA-2017-147403,KH-16630,"Ken Heidel",765.504
CA-2015-149300,BH-11710,"Brosina Hoffman",263.88000000000005
US-2016-111528,JP-16135,"Julie Prescott",3901.6320000000005
CA-2017-122364,FA-14230,"Frank Atkinson",8192.88
CA-2017-139437,RD-19585,"Rob Dowd",791.2799999999999
CA-2014-169684,FH-14365,"Fred Hopkins",2561.651999999999
CA-2017-145807,SB-20170,"Sarah Bern",1064.6999999999998
CA-2015-144519,AW-10930,"Arthur Wiediger",2827.58
US-2016-141880,TC-21475,"Tony Chapman",786.6239999999999
CA-2017-110310,NB-18655,"Nona Balk",551.7360000000003
CA-2017-101049,AS-10240,"Alan Shonely",355.0559999999999
CA-2016-124667,BD-11770,"Bryan Davis",573.32
CA-2017-162481,CT-11995,"Carol Triggs",2225.84
US-2016-146570,SN-20710,"Steve Nguyen",3672.840000000001
CA-2015-134859,JK-16120,"Julie Kriz",771.1199999999999
US-2016-115455,SE-20110,"Sanjit Engle",6771.666000000002
US-2015-139759,NL-18310,"Nancy Lomonaco",440.23199999999997
US-2014-160780,SV-20785,"Stewart Visinsky",326.2679999999999
US-2017-120390,TH-21550,"Tracy Hopkins",9799.128
CA-2014-136399,CC-12100,"Chad Cunningham",6540.98
CA-2015-166975,SH-20635,"Stefanie Holloman",1384.944
CA-2017-105410,ND-18370,"Natalie DeCherney",8791.451999999997
CA-2016-131968,LB-16795,"Laurel Beltran",5451.455999999999
US-2017-147984,GB-14575,"Giulietta Baptist",1399.5
CA-2016-136126,EH-14125,"Eugene Hildebrand",1915.9999999999995
CA-2016-145492,MC-17605,"Matt Connell",273
CA-2017-166695,CC-12430,"Chuck Clark",6947.615999999995
CA-2016-132479,MK-17905,"Michael Kennedy",3538.9759999999997
CA-2015-115392,RM-19675,"Robert Marley",1337.7200000000003
US-2016-139087,DK-13375,"Dennis Kane",4594.799999999998
CA-2017-166919,AH-10210,"Alan Hwang",1763.64
US-2015-109015,BS-11590,"Brendan Sweed",2078.2200000000003
CA-2017-104731,AM-10705,"Anne McFarland",7615.839999999997
US-2017-115301,VG-21790,"Vivek Gonzalez",579.8
CA-2014-164182,ST-20530,"Shui Tom",777.3500000000001
CA-2015-110765,MP-17965,"Michael Paige",7424.730000000001
CA-2017-113075,MC-18100,"Mick Crebagga",366.12
CA-2017-167626,MY-18295,"Muhammed Yedwab",1108.7999999999997
US-2017-128447,MC-17845,"Michael Chen",2577.5519999999997
CA-2014-121769,JS-15880,"John Stevenson",860.5500000000001
CA-2015-148180,BP-11095,"Bart Pistole",1223.3600000000004
CA-2014-109897,BW-11200,"Ben Wallace",4458.879999999998
CA-2016-145135,CD-12790,"Cynthia Delaney",366.6500000000001
CA-2016-143154,AS-10225,"Alan Schoenberger",828
CA-2015-149566,GB-14530,"George Bell",412.8000000000002
CA-2017-119284,TS-21205,"Thomas Seio",20599.488000000016
CA-2016-151148,PO-19180,"Philisse Overcash",1610.6159999999998
US-2017-166688,RD-19480,"Rick Duston",9570.527999999997
CA-2017-132234,MY-17380,"Maribeth Yedwab",3831.1000000000004
CA-2015-120341,SF-20200,"Sarah Foster",1502.9820000000002
US-2017-111423,EH-13765,"Edward Hooks",12226.356000000002
CA-2016-111794,HG-15025,"Hunter Glantz",755.0479999999999
CA-2014-148915,ND-18370,"Natalie DeCherney",5399.063999999998
CA-2014-163559,ST-20530,"Shui Tom",976.0800000000002
CA-2014-151001,JG-15805,"John Grady",610.3679999999999
US-2016-142685,MG-17695,"Maureen Gnade",2505.5099999999998
CA-2016-145303,TP-21415,"Tom Prescott",897.684
CA-2017-134565,TB-21400,"Tom Boeckenhauer",3588.9600000000005
CA-2017-147725,LT-17110,"Liz Thompson",567.6
CA-2014-109491,LC-16930,"Linda Cazamias",661.0400000000004
CA-2017-108854,DM-13345,"Denise Monton",1948.6719999999998
CA-2016-113096,SZ-20035,"Sam Zeldin",465.29999999999995
CA-2015-108532,CC-12100,"Chad Cunningham",1232.5
CA-2016-126795,GT-14710,"Greg Tran",268.5439999999999
CA-2017-145037,TB-21055,"Ted Butterfield",1188.1999999999998
CA-2017-100230,AA-10375,"Allen Armold",1348.8480000000002
CA-2017-140802,KN-16390,"Katherine Nockton",618.4079999999999
CA-2016-113978,TS-21505,"Tony Sayre",3852.0959999999995
CA-2015-120915,JJ-15445,"Jennifer Jackson",3007.5
US-2015-163825,LC-16885,"Lena Creighton",35027.916000000034
CA-2017-137463,KM-16225,"Kalyca Meade",2521.4039999999995
CA-2017-121258,DB-13060,"Dave Brooks",2660.9519999999998
CA-2017-127285,MM-18055,"Michelle Moray",615.9359999999999
CA-2017-162691,AS-10045,"Aaron Smayling",10333.890000000003
US-2014-143231,GM-14455,"Gary Mitchum",1063.02
CA-2016-156300,TB-21595,"Troy Blackwell",3772.25
CA-2017-149853,PO-18850,"Patrick O'Brill",334.7200000000001
CA-2015-141243,AH-10465,"Amy Hunt",7031.414400000001
CA-2014-140487,SR-20425,"Sharelle Roach",1064.7
CA-2017-160325,BP-11095,"Bart Pistole",8298.300000000003
CA-2015-145828,MB-17305,"Maria Bertelson",530.4000000000001
CA-2014-148614,MV-17485,"Mark Van Huff",270.62000000000006
CA-2017-118724,AR-10825,"Anthony Rawles",13037.696
CA-2017-169362,SP-20860,"Sung Pak",319.872
CA-2016-127194,BW-11110,"Bart Watters",439.74
CA-2016-153269,PS-18760,"Pamela Stobb",2179.250000000001
US-2016-150140,VM-21685,"Valerie Mitchum",9063.25
CA-2017-100622,DK-13090,"Dave Kipp",7215.194000000006
CA-2017-137785,MH-18115,"Mick Hernandez",4125.87
CA-2014-108147,RD-19480,"Rick Duston",13962.880000000005
CA-2017-151911,DL-13495,"Dionis Lloyd",503.67999999999995
CA-2016-117849,JK-16120,"Julie Kriz",1293.3000000000002
CA-2017-167752,RW-19690,"Robert Waldorf",9792.72
CA-2017-139913,JC-16105,"Julie Creighton",714.5999999999999
CA-2017-123778,BS-11755,"Bruce Stewart",1307.4880000000003
CA-2015-110093,AB-10255,"Alejandro Ballentine",294.272
US-2017-125717,DS-13030,"Darrin Sayre",2141.056
CA-2016-109365,XP-21865,"Xylona Preis",5617.300000000001
CA-2016-115224,DB-13615,"Doug Bickford",2318.5800000000004
CA-2016-158211,BP-11185,"Ben Peterman",874.0160000000001
CA-2016-133319,MV-17485,"Mark Van Huff",1345.1200000000001
US-2014-158400,AH-10030,"Aaron Hawkins",296.44800000000004
CA-2016-119018,CW-11905,"Carl Weiss",304.608
CA-2016-140382,RD-19900,"Ruben Dartt",8981.405999999995
US-2014-115189,AR-10345,"Alex Russell",3102.9120000000003
CA-2015-139738,DK-12895,"Dana Kaydos",643.72
US-2015-142811,JL-15850,"John Lucas",526.8
CA-2017-132290,MD-17350,"Maribeth Dona",6533.856000000001
CA-2014-141173,JC-16105,"Julie Creighton",335.75
US-2016-102141,KD-16615,"Ken Dana",586.752
CA-2014-116246,LW-17215,"Luke Weiss",22711.752
US-2016-105452,BF-11005,"Barry Franz",1309.68
CA-2015-107902,SM-20950,"Suzanne McNair",4233.240000000001
CA-2016-160234,PF-19225,"Phillip Flathmann",543.8
US-2016-108455,MK-18160,"Mike Kennedy",300.75
US-2017-137491,LC-16930,"Linda Cazamias",2442.4959999999996
CA-2016-132143,FM-14215,"Filia McAdams",385.28
CA-2014-115161,LC-17050,"Liz Carlisle",1162.664
CA-2016-167759,CC-12670,"Craig Carreira",943.95
CA-2015-116687,NC-18625,"Noah Childs",836.16
CA-2017-152856,RS-19765,"Roland Schwarz",817.824
CA-2014-112837,LW-17125,"Liz Willingham",383.85
CA-2017-102197,DK-13150,"David Kendrick",728.5439999999999
CA-2014-130449,VP-21760,"Victoria Pisteka",602.1600000000001
CA-2016-162943,DB-12970,"Darren Budd",761.292
CA-2015-104115,JH-15910,"Jonathan Howell",391.888
CA-2014-124737,AP-10915,"Arthur Prichep",3395.0080000000003
CA-2014-143168,IG-15085,"Ivan Gibson",253.21599999999998
CA-2014-163468,JK-15730,"Joe Kamberova",9984.347999999994
CA-2017-127474,RD-19810,"Ross DeVincentis",4098.944
CA-2014-143637,MS-17710,"Maurice Satty",242.87999999999997
CA-2015-168207,LT-17110,"Liz Thompson",5911.191999999999
CA-2017-144456,FC-14245,"Frank Carlisle",1540.3919999999998
CA-2014-131387,AI-10855,"Arianne Irving",15119.639999999996
CA-2017-102309,DO-13645,"Doug O'Connell",1277.4600000000003
CA-2016-108630,BE-11410,"Bobby Elias",305.59999999999997
CA-2015-104948,KH-16510,"Keith Herrera",5062.148
US-2017-111241,GM-14500,"Gene McClure",2152.0799999999995
CA-2014-102295,EH-13990,"Erica Hackney",724.272
CA-2017-127026,MH-18115,"Mick Hernandez",11158.497000000001
CA-2017-155880,JD-16150,"Justin Deggeller",15892.159999999993
CA-2015-167010,VT-21700,"Valerie Takahito",3272.7119999999986
CA-2017-123351,KT-16480,"Kean Thornton",804.8000000000001
CA-2016-143910,BC-11125,"Becky Castell",1166.112
CA-2014-124478,MA-17560,"Matt Abelman",9987.524999999996
CA-2015-161627,SJ-20215,"Sarah Jordon",851.76
CA-2017-154760,BP-11290,"Beth Paige",1646.946
CA-2017-124744,EH-14125,"Eugene Hildebrand",5364.800000000001
CA-2017-140480,HE-14800,"Harold Engle",1408.98
CA-2017-117646,SC-20845,"Sung Chung",533.0400000000001
US-2016-116729,GK-14620,"Grace Kelly",20128.808000000015
CA-2014-111150,RW-19630,"Rob Williams",694.8899999999998
CA-2017-155152,MP-17965,"Michael Paige",2268
CA-2015-104514,CB-12535,"Claudia Bergmann",923.1999999999999
CA-2016-124506,BB-11545,"Brenda Bowman",1295.6399999999996
US-2015-128090,JM-15865,"John Murray",15402.296
US-2016-144211,CS-12130,"Chad Sievert",496.22400000000005
CA-2016-153577,KH-16330,"Katharine Harms",4039.8539999999994
CA-2014-165309,KD-16270,"Karen Daniels",8197.480000000005
CA-2017-148264,LF-17185,"Luke Foster",1312.8599999999994
CA-2017-168109,JK-15640,"Jim Kriz",29000.859999999997
CA-2014-133228,MS-17710,"Maurice Satty",508.9800000000001
CA-2014-122931,SM-20950,"Suzanne McNair",21228.047999999995
US-2014-107699,JH-15820,"John Huston",344.52000000000004
CA-2017-130309,GB-14575,"Giulietta Baptist",2721.9
CA-2014-121006,SC-20020,"Sam Craven",4779.4800000000005
CA-2016-107790,EH-13990,"Erica Hackney",907.152
CA-2016-131205,AA-10645,"Anna Andreadi",1750.4400000000003
CA-2017-135587,BH-11710,"Brosina Hoffman",2981.1199999999994
CA-2016-150483,BP-11290,"Beth Paige",1512.0419999999995
CA-2017-157469,ES-14080,"Erin Smith",1367.328
CA-2015-130848,DG-13300,"Deirdre Greer",2911.6800000000003
CA-2015-100818,JM-15265,"Janet Molinari",1172.5800000000002
CA-2017-122700,LT-17110,"Liz Thompson",1766.0159999999998
CA-2016-133711,MC-17425,"Mark Cousins",16182.05
CA-2017-120761,AB-10150,"Aimee Bixby",459.79999999999995
CA-2016-109344,CH-12070,"Cathy Hwang",3383.9280000000003
CA-2017-121538,RH-19495,"Rick Hansen",355.072
CA-2017-144064,CP-12085,"Cathy Prescott",546.2800000000001
CA-2017-126067,KN-16705,"Kristina Nunn",8947.105999999998
CA-2015-122371,BS-11800,"Bryan Spruell",377.26
CA-2017-155089,DB-12910,"Daniel Byrd",319.62
CA-2015-157770,RD-19585,"Rob Dowd",7277.994000000001
CA-2016-142370,TP-21130,"Theone Pippenger",2294.9100000000003
CA-2016-146010,EH-14125,"Eugene Hildebrand",406.34999999999997
US-2017-102288,ZC-21910,"Zuschuss Carroll",1637.7239999999995
CA-2016-143749,AG-10300,"Aleksandra Gannaway",327.76
CA-2015-115945,AB-10165,"Alan Barnes",2897.594
US-2015-103996,RB-19435,"Richard Bierner",2365.439999999999
CA-2017-132346,PK-19075,"Pete Kriz",1009.4000000000001
CA-2017-167661,MP-18175,"Mike Pelletier",1096.3440000000003
CA-2017-106782,LP-17095,"Liz Preis",2627.38
CA-2015-136469,TS-21370,"Todd Sumrall",5684.480000000002
CA-2014-159709,AI-10855,"Arianne Irving",1815.5699999999993
CA-2016-126165,AH-10465,"Amy Hunt",284.352
US-2016-156692,HG-15025,"Hunter Glantz",625.2400000000001
US-2015-139675,NF-18595,"Nicole Fjeld",7457.376000000002
CA-2016-112277,SC-20695,"Steve Chapman",4677.12
CA-2017-157672,RB-19795,"Ross Baird",446.76800000000003
CA-2015-121776,RD-19585,"Rob Dowd",1120.9500000000003
US-2017-146906,MT-17815,"Meg Tillman",1499.5
CA-2015-135251,RP-19270,"Rachel Payne",1870.6128
CA-2015-128608,CS-12490,"Cindy Schnelling",1557.7359999999996
CA-2014-111157,NH-18610,"Nicole Hansen",1082.368
CA-2015-143119,MC-17275,"Marc Crier",3105
CA-2014-111500,DJ-13510,"Don Jones",3878.320000000001
CA-2017-148929,SP-20620,"Stefania Perrino",4302.72
CA-2014-145317,SM-20320,"Sean Miller",118306.14000000001
CA-2015-112014,ON-18715,"Odella Nelson",457.20000000000005
CA-2014-107139,DP-13390,"Dennis Pardue",1628.64
CA-2014-123477,DW-13195,"David Wiener",389.1840000000001
US-2016-108497,MH-17290,"Marc Harrigan",2396.66
CA-2015-168529,MB-17305,"Maria Bertelson",1459.0000000000002
CA-2016-101525,CM-12235,"Chris McAfee",702.6000000000001
CA-2016-157259,JM-15535,"Jessica Myrick",3997.7999999999997
US-2015-129637,MC-18100,"Mick Crebagga",2112.1919999999986
CA-2017-120222,LL-16840,"Lauren Leatherbury",554.364
CA-2016-163594,JF-15295,"Jason Fortune-",1252.0800000000002
CA-2016-105746,BD-11605,"Brian Dahlen",1024.7160000000001
CA-2014-154781,SC-20680,"Steve Carroll",507.85
CA-2015-127327,PW-19030,"Pauline Webber",727.056
CA-2014-141838,DK-12835,"Damala Kotsonis",720.9599999999999
CA-2016-149671,KB-16600,"Ken Brennan",429.66
CA-2017-145506,MO-17800,"Meg O'Connel",817.56
CA-2017-160633,BS-11380,"Bill Stewart",5631.469999999999
US-2017-107979,FO-14305,"Frank Olsen",1972.9999999999989
CA-2014-140165,EH-14005,"Erica Hernandez",2838.1919999999996
CA-2016-125738,PB-18805,"Patrick Bzostek",442.56000000000006
US-2016-126893,CT-11995,"Carol Triggs",3959.856
US-2017-112613,JH-15910,"Jonathan Howell",380.576
US-2016-148110,AR-10825,"Anthony Rawles",2782.4160000000006
CA-2017-136308,MW-18235,"Mitch Willingham",3839.952
CA-2017-136448,AS-10090,"Adam Shillingsburg",4788.770000000002
CA-2016-156251,TS-21160,"Theresa Swint",1502.8799999999999
CA-2017-132647,GH-14410,"Gary Hansen",1498.0500000000002
CA-2016-140018,CK-12205,"Chloris Kastensmidt",2594.3610000000017
CA-2014-151379,SC-20695,"Steve Chapman",1027.8000000000002
CA-2017-114055,MH-18115,"Mick Hernandez",7373.519999999997
CA-2016-133795,JE-15475,"Jeremy Ellison",5310.180000000001
CA-2017-117821,HG-15025,"Hunter Glantz",447.44000000000005
CA-2017-102967,MG-17890,"Michael Granlund",606.5999999999999
