"Customer ID","Customer Name",TotalSales,SalesRank,DenseRank,RowNum
SE-20110,"Sanjit Engle",134303.81800000006,1,1,1
SM-20320,"Sean Miller",125215.25000000006,2,2,2
CL-12565,"Clay Ludtke",119686.00600000004,3,3,3
AB-10105,"Adrian Barton",114844.88800000012,4,4,4
SC-20095,"Sanjit Chand",113138.67199999998,5,5,5
KL-16645,"Ken Lonsdale",112575.33600000011,6,6,6
SV-20365,"Seth Vernon",102785.81400000017,7,7,7
ME-17320,"Maria Etezadi",95723.26200000022,8,8,8
TC-20980,"Tamara Chand",95089.23999999999,9,9,9
LA-16780,"Laura Armstrong",94946.74200000004,10,10,10
AH-10690,"Anna Häberlin",94659.52799999947,11,11,11
GT-14710,"Greg Tran",94560.95999999995,12,12,12
RB-19360,"Raymond Buch",90704.03399999999,13,13,13
EH-13765,"Edward Hooks",90053.81999999973,14,14,14
CJ-12010,"Caroline Jumper",88637.93599999996,15,15,15
ZC-21910,"Zuschuss Carroll",88232.48500000013,16,16,16
JL-15835,"John Lee",84627.0269999999,17,17,17
EP-13915,"Emily Phan",82170.91199999968,18,18,18
PK-19075,"Pete Kriz",81586.54000000011,19,19,19
HM-14860,"Harry Marie",81488.44800000012,20,20,20
LC-16885,"Lena Creighton",81364.514,21,21,21
Dp-13240,"Dean percer",79186.37099999997,22,22,22
JE-15715,"Joe Elijah",78049.46700000008,23,23,23
HL-15040,"Hunter Lopez",77239.78800000003,24,24,24
JE-15745,"Joel Eaton",76805.46,25,25,25
KF-16285,"Karen Ferguson",74229.86199999992,26,26,26
PO-18850,"Patrick O'Brill",73673.34199999995,27,27,27
KD-16495,"Keith Dawkins",73631.30399999997,28,28,28
BM-11650,"Brian Moss",72838.17000000001,29,29,29
PP-18955,"Paul Prost",70759.20000000003,30,30,30
JD-16150,"Justin Deggeller",70624.24399999999,31,31,31
MS-17365,"Maribeth Schnelling",68483.10000000008,32,32,32
DR-12940,"Daniel Raglin",66806.94400000002,33,33,33
HW-14935,"Helen Wasserman",65101.77799999995,34,34,34
BB-11545,"Brenda Bowman",60891.55200000006,35,35,35
CC-12370,"Christopher Conant",60645.36000000001,36,36,36
CB-12025,"Cassandra Brandow",60282.269999999946,37,37,37
TS-21370,"Todd Sumrall",59429.355,38,38,38
BF-11170,"Ben Ferrer",59079.71999999997,39,39,39
NF-18385,"Natalie Fritzler",58259.78199999992,40,40,40
JG-15160,"James Galang",57297.52800000002,41,41,41
BD-11320,"Bill Donatelli",56721.70999999998,42,42,42
SB-20290,"Sean Braxton",56405.237,43,43,43
NP-18700,"Nora Preis",55322.27750000001,44,44,44
VW-21775,"Victoria Wilson",55014.318,45,45,45
WB-21850,"William Brown",54223.29,46,46,46
AB-10060,"Adam Bellavance",54128.69,47,47,47
TB-21400,"Tom Boeckenhauer",54076.45200000001,48,48,48
JM-15865,"John Murray",53375.531999999956,49,49,49
SD-20485,"Shirley Daniels",53282.32200000001,50,50,50
YS-21880,"Yana Sorensen",53236.031999999956,51,51,51
SC-20380,"Shahid Collister",53047.65600000013,52,52,52
BS-11365,"Bill Shonely",52508.26500000005,53,53,53
JA-15970,"Joseph Airdo",51803.791999999856,54,54,54
JD-15895,"Jonathan Doherty",51651.64800000002,55,55,55
NW-18400,"Natalie Webber",50638.098000000056,56,56,56
RB-19465,"Rick Bensley",50122.226000000104,57,57,57
SM-20950,"Suzanne McNair",50070.52799999998,58,58,58
BH-11710,"Brosina Hoffman",50042.808000000005,59,59,59
MH-18115,"Mick Hernandez",49527.83700000002,60,60,60
NC-18535,"Nick Crebassa",49450.43399999997,61,61,61
DP-13390,"Dennis Pardue",49326.51600000003,62,62,62
SP-20620,"Stefania Perrino",48962.8709999999,63,63,63
PS-19045,"Penelope Sewall",47905.43800000004,64,64,64
SC-20725,"Steven Cartwright",47035.890000000014,65,65,65
JE-15610,"Jim Epp",46529.856000000014,66,66,66
BM-11140,"Becky Martin",46439.60000000004,67,67,67
KT-16480,"Kean Thornton",46420.88400000001,68,68,68
JW-15220,"Jane Waco",46330.28399999999,69,69,69
RP-19390,"Resi Pölking",46279.260000000075,70,70,70
MP-18175,"Mike Pelletier",45791.27999999996,71,71,71
GK-14620,"Grace Kelly",45480.89000000003,72,72,72
MY-18295,"Muhammed Yedwab",45478.35599999999,73,73,73
AM-10705,"Anne McFarland",45230.89600000007,74,74,74
AG-10900,"Arthur Gainer",45107.970000000016,75,75,75
MJ-17740,"Max Jones",43975.582,76,76,76
TA-21385,"Tom Ashbrook",43786.859999999986,77,77,77
DR-12880,"Dan Reichenbach",43730.442000000054,78,78,78
AH-10210,"Alan Hwang",43248.096,79,79,79
RA-19915,"Russell Applegate",43032.30299999995,80,80,80
JK-15730,"Joe Kamberova",42929.100000000064,81,81,81
QJ-19255,"Quincy Jones",42758.366,82,82,82
AD-10180,"Alan Dominguez",42707.000000000044,83,83,83
TB-21520,"Tracy Blumstein",42575.65199999998,84,84,84
SA-20830,"Sue Ann Reed",42376.72950000009,85,85,85
RH-19510,"Rick Huthwaite",41772.83999999996,86,86,86
KH-16510,"Keith Herrera",41670.012999999984,87,87,87
SC-20050,"Sample Company A",41621.147999999965,88,88,88
SJ-20125,"Sanjit Jacobs",41556.67999999994,89,89,89
KD-16270,"Karen Daniels",41411.79000000002,90,90,90
CP-12340,"Christine Phan",41217.92500000001,91,91,91
FH-14365,"Fred Hopkins",40101.96000000002,92,92,92
TP-21130,"Theone Pippenger",40086.504,93,93,93
LB-16795,"Laurel Beltran",39885.40799999994,94,94,94
JH-15985,"Joseph Holt",39774.99000000001,95,95,95
AR-10540,"Andy Reiter",39650.688,96,96,96
RB-19795,"Ross Baird",39433.21200000007,97,97,97
AI-10855,"Arianne Irving",39382.07400000003,98,98,98
KM-16720,"Kunst Miller",39275.775999999976,99,99,99
KM-16375,"Katherine Murray",39268.221999999965,100,100,100
DK-12835,"Damala Kotsonis",39042.40800000001,101,101,101
CC-12220,"Chris Cortes",39025.22000000007,102,102,102
HK-14890,"Heather Kirkland",39022.27200000001,103,103,103
NM-18445,"Nathan Mautz",38756.064,104,104,104
AC-10450,"Amy Cox",38694.922,105,105,105
ND-18370,"Natalie DeCherney",38532.50099999995,106,106,106
MA-17560,"Matt Abelman",38525.58899999999,107,107,107
SB-20185,"Sarah Brown",38465.97600000004,108,108,108
MM-17920,"Michael Moore",37940.80000000001,109,109,109
FH-14275,"Frank Hawley",37716.3359999999,110,110,110
VD-21670,"Valerie Dominguez",37700.123999999974,111,111,111
TS-21205,"Thomas Seio",37597.629999999976,112,112,112
TT-21460,"Tonja Turnell",37553.65599999997,113,113,113
DM-13015,"Darrin Martin",37484.23199999999,114,114,114
ES-14080,"Erin Smith",37188.127999999946,115,115,115
RW-19540,"Rick Wilson",36987.00499999994,116,116,116
DB-13270,"Deborah Brumfield",36973.25599999998,117,117,117
SV-20785,"Stewart Visinsky",36947.74500000003,118,118,118
AR-10825,"Anthony Rawles",36186.687999999995,119,119,119
CP-12085,"Cathy Prescott",36148.71399999999,120,120,120
SZ-20035,"Sam Zeldin",35924.32999999996,121,121,121
PF-19120,"Peter Fuller",35921.98400000001,122,122,122
KL-16555,"Kelly Lampkin",35870.272000000004,123,123,123
MP-17965,"Michael Paige",35852.77800000006,124,124,124
LC-16930,"Linda Cazamias",35849.295999999915,125,125,125
CM-12385,"Christopher Martinez",35816.08000000001,126,126,126
NS-18640,"Noel Staavos",35577.87599999985,127,127,127
KH-16630,"Ken Heidel",35270.694,128,128,128
CS-12355,"Christine Sundaresam",35223.78199999997,129,129,129
KH-16690,"Kristen Hastings",35207.15400000001,130,130,130
GZ-14470,"Gary Zandusky",34841.200000000004,131,131,131
CK-12205,"Chloris Kastensmidt",34703.40499999999,132,132,132
IM-15070,"Irene Maddox",34513.317999999985,133,133,133
AT-10735,"Annie Thurman",34486.77599999992,134,134,134
TT-21070,"Ted Trevino",34409.213999999985,135,135,135
PO-19180,"Philisse Overcash",34251.300999999985,136,136,136
CS-12505,"Cindy Stewart",34140.33000000001,137,137,137
TC-21295,"Toby Carlisle",34094.81600000002,138,138,138
AJ-10780,"Anthony Jacobs",34071.407999999996,139,139,139
PG-18820,"Patrick Gardner",33955.97700000006,140,140,140
JF-15565,"Jill Fjeld",33586.656000000046,141,141,141
JK-15640,"Jim Kriz",33267.093999999975,142,142,142
BW-11110,"Bart Watters",33252.50599999998,143,143,143
CB-12535,"Claudia Bergmann",32988.123999999996,144,144,144
DM-13345,"Denise Monton",32595.775999999925,145,145,145
LW-17215,"Luke Weiss",32523.08400000001,146,146,146
AH-10075,"Adam Hart",32503.37000000002,147,147,147
SP-20860,"Sung Pak",32228.70399999994,148,148,148
EA-14035,"Erin Ashbrook",31929.900000000052,149,149,149
CM-12655,"Corinna Mitchell",31697.78799999998,150,150,150
HR-14830,"Harold Ryan",31492.721999999998,151,151,151
RL-19615,"Rob Lucas",31174.55000000001,152,152,152
EB-13705,"Ed Braxton",31034.466000000044,153,153,153
TW-21025,"Tamara Willingham",30987.75599999999,154,154,154
SF-20200,"Sarah Foster",30805.074000000048,155,155,155
SH-19975,"Sally Hughsby",30516.63449999998,156,156,156
IL-15100,"Ivan Liston",30244.415999999965,157,157,157
KB-16585,"Ken Black",30170.337999999974,158,158,158
EH-14125,"Eugene Hildebrand",30131.530000000035,159,159,159
DC-12850,"Dan Campbell",30025.511999999988,160,160,160
RD-19480,"Rick Duston",29944.240000000005,161,161,161
FM-14290,"Frank Merwin",29889.584000000053,162,162,162
DB-13060,"Dave Brooks",29857.057999999983,163,163,163
SF-20965,"Sylvia Foulston",29761.838999999964,164,164,164
DH-13075,"Dave Hallsten",29597.23200000001,165,165,165
RW-19630,"Rob Williams",29462.85000000004,166,166,166
JO-15145,"Jack O'Briant",29294.54100000001,167,167,167
CS-12400,"Christopher Schild",29214.868000000013,168,168,168
BP-11185,"Ben Peterman",28882.343999999997,169,169,169
DK-13225,"Dean Katz",28880.908,170,170,170
HG-14965,"Henry Goldwyn",28657.566000000024,171,171,171
EB-13750,"Edward Becker",28501.937999999987,172,172,172
JM-16195,"Justin MacKendrick",28339.25999999999,173,173,173
DL-13495,"Dionis Lloyd",28314.576,174,174,174
RD-19900,"Ruben Dartt",28205.316000000028,175,175,175
GT-14635,"Grant Thornton",28053.636,176,176,176
SC-20305,"Sean Christensen",27797.448,177,177,177
NP-18325,"Naresj Patel",27648.10000000001,178,178,178
PW-19030,"Pauline Webber",27639.327999999983,179,179,179
DB-13555,"Dorothy Badders",27361.619599999987,180,180,180
YC-21895,"Yoseph Carroll",27271.749999999985,181,181,181
PW-19240,"Pierre Wener",27148.205000000005,182,182,182
FC-14335,"Fred Chung",27060.921999999995,183,183,183
CS-12250,"Chris Selesnick",26967.959999999908,184,184,184
SC-20770,"Stewart Carmichael",26955.94200000002,185,185,185
RA-19885,"Ruben Ausman",26826.198000000033,186,186,186
RS-19765,"Roland Schwarz",26823.51000000002,187,187,187
AA-10645,"Anna Andreadi",26735.37000000002,188,188,188
MW-18220,"Mitch Webber",26709.5,189,189,189
RO-19780,"Rose O'Brian",26708.34599999998,190,190,190
TP-21415,"Tom Prescott",26645.023999999994,191,191,191
AP-10915,"Arthur Prichep",26588.447999999957,192,192,192
MG-17650,"Matthew Grinstein",26496.931999999997,193,193,193
RF-19345,"Randy Ferguson",26473.199999999975,194,194,194
BD-11500,"Bradley Drucker",26449.78199999998,195,195,195
JK-16120,"Julie Kriz",26392.35599999997,196,196,196
MD-17350,"Maribeth Dona",26364.674000000017,197,197,197
AJ-10795,"Anthony Johnson",26348.946000000018,198,198,198
FO-14305,"Frank Olsen",26228.379999999972,199,199,199
RD-19585,"Rob Dowd",26216.046000000013,200,200,200
SC-20260,"Scott Cohen",26108.55100000001,201,201,201
SR-20740,"Steven Roelle",26075.316,202,202,202
DS-13180,"David Smith",25936.315199999965,203,203,203
CT-11995,"Carol Triggs",25935.183999999997,204,204,204
HG-15025,"Hunter Glantz",25831.987999999983,205,205,205
LR-16915,"Lena Radford",25714.460000000006,206,206,206
LP-17095,"Liz Preis",25573.793,207,207,207
TH-21550,"Tracy Hopkins",25377.336,208,208,208
GH-14410,"Gary Hansen",25269.362999999998,209,209,209
MS-17770,"Maxwell Schwartz",25108.656000000017,210,210,210
JP-15520,"Jeremy Pistek",25010.608000000033,211,211,211
JC-15775,"John Castell",24948.49499999996,212,212,212
EB-13870,"Emily Burns",24904.97099999997,213,213,213
AG-10675,"Anna Gayman",24423.277200000004,214,214,214
FP-14320,"Frank Preis",24280.47599999999,215,215,215
CS-11950,"Carlos Soltero",24222.039999999964,216,216,216
BP-11095,"Bart Pistole",23995.400000000038,217,217,217
SP-20920,"Susan Pistek",23944.13399999997,218,218,218
LS-16975,"Lindsay Shagiari",23909.39200000001,219,219,219
FC-14245,"Frank Carlisle",23902.746000000003,220,220,220
RM-19675,"Robert Marley",23870.944000000003,221,221,221
CA-12265,"Christina Anderson",23834.584799999968,222,222,222
CK-12595,"Clytie Kelty",23727.500000000033,223,223,223
TM-21010,"Tamara Manning",23631.88799999996,224,224,224
LF-17185,"Luke Foster",23583.053999999975,225,225,225
KN-16390,"Katherine Nockton",23555.447999999993,226,226,226
GA-14515,"George Ashbrook",23518.65599999998,227,227,227
LT-17110,"Liz Thompson",23490.016000000014,228,228,228
BC-11125,"Becky Castell",23469.407999999978,229,229,229
DK-13375,"Dennis Kane",23229.402000000016,230,230,230
XP-21865,"Xylona Preis",23204.080000000027,231,231,231
CY-12745,"Craig Yedwab",23200.208,232,232,232
KH-16330,"Katharine Harms",23190.048000000003,233,233,233
SC-20695,"Steve Chapman",23187.672000000006,234,234,234
GB-14575,"Giulietta Baptist",22971.639999999967,235,235,235
CC-12430,"Chuck Clark",22960.39999999999,236,236,236
MC-17845,"Michael Chen",22834.283999999996,237,237,237
AS-10090,"Adam Shillingsburg",22787.170000000002,238,238,238
CA-11965,"Carol Adams",22738.336799999986,239,239,239
FM-14380,"Fred McMath",22709.39399999999,240,240,240
JK-15625,"Jim Karlsson",22560.167999999994,241,241,241
NZ-18565,"Nick Zandusky",22394.790000000037,242,242,242
BG-11035,"Barry Gonzalez",22391.584,243,243,243
TB-21625,"Trudy Brown",22381.343999999986,244,244,244
AA-10315,"Alex Avila",22254.239999999998,245,245,245
EM-14140,"Eugene Moren",22191.660000000007,246,246,246
MC-17425,"Mark Cousins",22160.689999999995,247,247,247
KW-16435,"Katrina Willman",22082.600000000006,248,248,248
TN-21040,"Tanja Norvell",21911.547000000017,249,249,249
ML-17395,"Marina Lichtenstein",21782.743999999948,250,250,250
JK-15370,"Jay Kimmel",21677.056,251,251,251
GM-14440,"Gary McGarr",21496.92000000001,252,252,252
JK-15205,"Jamie Kunitz",21390.850000000002,253,253,253
RB-19435,"Richard Bierner",21304.68800000001,254,254,254
AS-10045,"Aaron Smayling",21245.22400000001,255,255,255
AS-10225,"Alan Schoenberger",21244.999999999993,256,256,256
DW-13480,"Dianna Wilson",21027.39199999999,257,257,257
BE-11335,"Bill Eplett",21023.380000000023,258,258,258
ED-13885,"Emily Ducich",20909.52,259,259,259
RA-19285,"Ralph Arnett",20848.655999999988,260,260,260
LC-17140,"Logan Currie",20840.89599999998,261,261,261
LH-16900,"Lena Hernandez",20657.98799999999,262,262,262
DB-13120,"David Bremer",20522.025999999987,263,263,263
SW-20455,"Shaun Weien",20450.807999999994,264,264,264
BF-11020,"Barry Französisch",20060.501999999997,265,265,265
DJ-13510,"Don Jones",20013.504000000008,266,266,266
MC-18100,"Mick Crebagga",19970.819999999963,267,267,267
AW-10930,"Arthur Wiediger",19960.10799999997,268,268,268
GG-14650,"Greg Guthrie",19944.072000000007,269,269,269
RR-19525,"Rick Reed",19813.572000000004,270,270,270
BD-11605,"Brian Dahlen",19730.82599999997,271,271,271
DK-12895,"Dana Kaydos",19715.20000000002,272,272,272
MH-17455,"Mark Hamilton",19649.455999999984,273,273,273
DL-12925,"Daniel Lacy",19633.200000000008,274,274,274
TS-21610,"Troy Staebel",19613.188,275,275,275
NP-18670,"Nora Paige",19483.209999999995,276,276,276
JS-15880,"John Stevenson",19340.099999999988,277,277,277
AS-10285,"Alejandro Savely",19273.631999999998,278,278,278
BT-11680,"Brian Thompson",19180.51199999999,279,279,279
VP-21760,"Victoria Pisteka",19161.63600000001,280,280,280
OT-18730,"Olvera Toch",19093.119999999995,281,281,281
FM-14215,"Filia McAdams",18994.159999999978,282,282,282
CV-12805,"Cynthia Voltz",18962.508799999974,283,283,283
KB-16240,"Karen Bern",18915.68999999999,284,284,284
JM-15250,"Janet Martin",18872.243999999973,285,285,285
JL-15505,"Jeremy Lonsdale",18856.476,286,286,286
SN-20710,"Steve Nguyen",18767.755199999978,287,287,287
NH-18610,"Nicole Hansen",18713.030000000013,288,288,288
AG-10495,"Andrew Gjertsen",18709.431999999993,289,289,289
KH-16360,"Katherine Hughes",18603.672,290,290,290
EM-13825,"Elizabeth Moffitt",18594.863999999983,291,291,291
DK-13090,"Dave Kipp",18553.89899999998,292,292,292
GM-14455,"Gary Mitchum",18471.74400000001,293,293,293
MK-17905,"Michael Kennedy",18418.943999999963,294,294,294
KT-16465,"Kean Takahito",18342.6,295,295,295
SS-20410,"Shahid Shariari",18340.842000000015,296,296,296
SL-20155,"Sara Luxemburg",18318.071999999975,297,297,297
CA-12775,"Cynthia Arntzen",18249.39600000002,298,298,298
GM-14695,"Greg Maxwell",18149.897999999997,299,299,299
FA-14230,"Frank Atkinson",17904.324000000008,300,300,300
CC-12610,"Corey Catlett",17784.417,301,301,301
LC-16870,"Lena Cacioppo",17683.273999999987,302,302,302
DB-13210,"Dean Braden",17638.632,303,303,303
ES-14020,"Erica Smith",17552.28999999999,304,304,304
ML-17410,"Maris LaWare",17529.000000000015,305,305,305
SC-20230,"Scot Coram",17487.832000000006,306,306,306
RW-19690,"Robert Waldorf",17478.230000000003,307,307,307
PO-18865,"Patrick O'Donnell",17452.498,308,308,308
BS-11755,"Bruce Stewart",17446.44999999999,309,309,309
SH-20395,"Shahid Hopkins",17445.744000000002,310,310,310
RP-19855,"Roy Phan",17365.727999999996,311,311,311
ND-18460,"Neil Ducich",17360.730000000007,312,312,312
VM-21685,"Valerie Mitchum",17184.062000000005,313,313,313
LS-16945,"Linda Southworth",17071.61999999998,314,314,314
NM-18520,"Neoma Murray",16986.775999999998,315,315,315
BS-11380,"Bill Stewart",16895.649999999994,316,316,316
TS-21655,"Trudy Schmidt",16840.470000000012,317,317,317
PF-19165,"Philip Fox",16619.999999999996,318,318,318
MM-18055,"Michelle Moray",16499.286,319,319,319
PM-19135,"Peter McVee",16462.648000000005,320,320,320
LL-16840,"Lauren Leatherbury",16447.224000000013,321,321,321
DV-13465,"Dianna Vittorini",16429.934999999998,322,322,322
RF-19735,"Roland Fjeld",16389.071999999996,323,323,323
JL-15850,"John Lucas",16351.536,324,324,324
MC-17275,"Marc Crier",16338.215999999993,325,325,325
SR-20425,"Sharelle Roach",16167.404999999995,326,326,326
JB-15400,"Jennifer Braxton",16124.444999999987,327,327,327
RS-19420,"Ricardo Sperren",16106.45000000001,328,328,328
MP-17470,"Mark Packer",16030.659999999993,329,329,329
DG-13300,"Deirdre Greer",15979.089999999998,330,330,330
CM-12715,"Craig Molinari",15937.809599999997,331,331,331
PG-18895,"Paul Gonzalez",15897.311999999987,332,332,332
CC-12670,"Craig Carreira",15887.910499999996,333,333,333
GM-14680,"Greg Matthias",15818.140000000007,334,334,334
MC-17605,"Matt Connell",15807.344,335,335,335
NB-18655,"Nona Balk",15780.792000000003,336,336,336
GH-14425,"Gary Hwang",15702.968000000004,337,337,337
MY-17380,"Maribeth Yedwab",15698.284000000009,338,338,338
KC-16540,"Kelly Collister",15633.048000000003,339,339,339
SO-20335,"Sean O'Donnell",15615.452999999992,340,340,340
SG-20605,"Speros Goranitis",15584.880000000005,341,341,341
SU-20665,"Stephanie Ulpright",15572.184000000005,342,342,342
HA-14920,"Helen Andreada",15504.947999999993,343,343,343
MZ-17515,"Mary Zewe",15389.436000000003,344,344,344
EB-14110,"Eugene Barchas",15355.629999999996,345,345,345
GW-14605,"Giulietta Weimer",15323.133000000003,346,346,346
TG-21310,"Toby Gnade",15291.859999999995,347,347,347
SV-20935,"Susan Vittorini",15227.928000000007,348,348,348
DB-12910,"Daniel Byrd",15201.192999999992,349,349,349
HF-14995,"Herbert Flentye",15198.984000000011,350,350,350
DP-13105,"Dave Poirier",15154.230000000009,351,351,351
JS-16030,"Joy Smith",15098.964000000004,352,352,352
KN-16705,"Kristina Nunn",15036.210000000001,353,353,353
CC-12475,"Cindy Chapman",14934.942000000003,354,354,354
MH-18025,"Michelle Huthwaite",14924.739999999998,355,355,355
CC-12145,"Charles Crestani",14829.900000000005,356,356,356
MN-17935,"Michael Nguyen",14814.252,357,357,357
BS-11590,"Brendan Sweed",14729.567999999981,358,358,358
MA-17995,"Michelle Arnett",14719.704000000003,359,359,359
CK-12325,"Christine Kargatis",14698.029999999997,360,360,360
ML-17755,"Max Ludwig",14503.397999999996,361,361,361
RH-19495,"Rick Hansen",14485.504000000003,362,362,362
MT-17815,"Meg Tillman",14450.695,363,363,363
PV-18985,"Paul Van Hugh",14380.229999999989,364,364,364
TB-21175,"Thomas Boland",14316.096,365,365,365
BP-11290,"Beth Paige",14302.781999999997,366,366,366
MB-17305,"Maria Bertelson",14273.260000000028,367,367,367
CK-12760,"Cyma Kinney",14238.980999999989,368,368,368
JF-15415,"Jennifer Ferguson",14228.687999999998,369,369,369
RD-19720,"Roger Demir",14197.369999999979,370,370,370
MC-17590,"Matt Collister",14175.041999999994,371,371,371
CV-12295,"Christina VanderZanden",14153.140000000001,372,372,372
KB-16315,"Karl Braun",14125.176000000012,373,373,373
ON-18715,"Odella Nelson",14107.679999999991,374,374,374
RD-19660,"Robert Dilbeck",13933.160000000007,375,375,375
HP-14815,"Harold Pawlan",13932.198000000004,376,376,376
JF-15190,"Jamie Frazer",13677.515999999994,377,377,377
JP-16135,"Julie Prescott",13661.680000000011,378,378,378
TS-21505,"Tony Sayre",13459.643999999995,379,379,379
SC-20020,"Sam Craven",13451.8544,380,380,380
ME-17725,"Max Engle",13359.1724,381,381,381
NC-18415,"Nathan Cano",13313.940000000006,382,382,382
EJ-14155,"Eva Jacobs",13283.455000000004,383,383,383
MH-17785,"Maya Herman",13222.668000000003,384,384,384
SG-20470,"Sheri Gordon",13193.585999999985,385,385,385
EB-13840,"Ellis Ballard",13033.524,386,386,386
KE-16420,"Katrina Edelman",13013.465600000007,387,387,387
CB-12415,"Christy Brittain",12993.820000000012,388,388,388
LC-16960,"Lindsay Castell",12986.504000000003,389,389,389
HA-14905,"Helen Abelman",12979.800000000008,390,390,390
BO-11350,"Bill Overfelt",12930.399999999998,391,391,391
TD-20995,"Tamara Dahlen",12910.93200000001,392,392,392
AJ-10945,"Ashley Jarboe",12874.679999999995,393,393,393
DN-13690,"Duane Noonan",12838.739999999993,394,394,394
EM-13810,"Eleni McCrary",12835.05,395,395,395
AG-10270,"Alejandro Grove",12826.289999999997,396,396,396
KM-16225,"Kalyca Meade",12805.488000000007,397,397,397
SP-20650,"Stephanie Phelps",12788.127999999986,398,398,398
CM-12160,"Charles McCrossin",12666.57,399,399,399
AF-10870,"Art Ferguson",12317.447999999991,400,400,400
NC-18340,"Nat Carroll",12307.019999999995,401,401,401
NF-18595,"Nicole Fjeld",12188.83200000001,402,402,402
AH-10120,"Adrian Hane",12148.597999999998,403,403,403
TH-21100,"Thea Hendricks",12114.120000000004,404,404,404
VB-21745,"Victoria Brennan",12033.576000000001,405,405,405
DB-13615,"Doug Bickford",11934.300000000001,406,406,406
TH-21115,"Thea Hudgings",11771.087999999996,407,407,407
CL-12700,"Craig Leslie",11767.929999999998,408,408,408
JF-15355,"Jay Fein",11471.064,409,409,409
AP-10720,"Anne Pryor",11469.878000000006,410,410,410
CM-12235,"Chris McAfee",11435.860000000002,411,411,411
CC-12685,"Craig Carroll",11416.460000000006,412,412,412
BE-11410,"Bobby Elias",11307.190000000006,413,413,413
GM-14500,"Gene McClure",11301.138000000004,414,414,414
SC-20440,"Shaun Chance",11249.987999999994,415,415,415
BG-11695,"Brooke Gillingham",11245.032000000005,416,416,416
JK-16090,"Juliana Krohn",11243.003999999999,417,417,417
LW-16825,"Laurel Workman",11190.304999999997,418,418,418
AR-10405,"Allen Rosenblatt",11180.640000000014,419,419,419
SN-20560,"Skye Norling",11162.508000000002,420,420,420
JL-15235,"Janet Lee",11018.500000000004,421,421,421
JR-16210,"Justin Ritter",11008.430000000002,422,422,422
TB-21280,"Toby Braunhardt",10992.249999999998,423,423,423
JG-15310,"Jason Gross",10988.980000000001,424,424,424
PJ-19015,"Pauline Johnson",10945.403999999997,425,425,425
BT-11395,"Bill Tyler",10910.970000000003,426,426,426
PS-18760,"Pamela Stobb",10907.395,427,427,427
KN-16450,"Kean Nguyen",10859.810000000001,428,428,428
GB-14530,"George Bell",10851.840000000007,429,429,429
JF-15490,"Jeremy Farry",10829.180000000008,430,430,430
MV-17485,"Mark Van Huff",10796.87,431,431,431
JD-15790,"John Dryer",10761.759999999998,432,432,432
BT-11530,"Bradley Talbott",10737.967999999999,433,433,433
BM-11785,"Bryan Mills",10687.168000000005,434,434,434
KC-16255,"Karen Carlisle",10519.170000000004,435,435,435
MW-18235,"Mitch Willingham",10507.752,436,436,436
AH-10030,"Aaron Hawkins",10468.200000000004,437,437,437
MV-18190,"Mike Vittorini",10407.444000000001,438,438,438
BE-11455,"Brad Eason",10365.911999999998,439,439,439
SS-20140,"Saphhira Shifley",10316.383999999996,440,440,440
TS-21430,"Tom Stivers",10270.699999999992,441,441,441
BT-11305,"Beth Thompson",10270.624,442,442,442
PN-18775,"Parhena Norris",10270.063999999998,443,443,443
PS-18970,"Paul Stevenson",10229.112000000014,444,444,444
SG-20080,"Sandra Glassco",10219.743,445,445,445
PB-19150,"Philip Brown",10198.65,446,446,446
DL-13315,"Delfina Latchford",10122.461999999989,447,447,447
AC-10615,"Ann Chong",9999.02399999999,448,448,448
MB-18085,"Mick Brown",9997.617000000013,449,449,449
TT-21220,"Thomas Thornton",9989.307999999999,450,450,450
LH-17155,"Logan Haushalter",9961.829999999987,451,451,451
BS-11665,"Brian Stugart",9864.330000000004,452,452,452
SW-20275,"Scott Williamson",9833.250000000002,453,453,453
PJ-18835,"Patrick Jones",9760.719999999998,454,454,454
GA-14725,"Guy Armstrong",9755.65999999998,455,455,455
LW-16990,"Lindsay Williams",9690.923999999997,456,456,456
MS-17710,"Maurice Satty",9680.412000000002,457,457,457
AH-10465,"Amy Hunt",9625.726400000001,458,458,458
JO-15280,"Jas O'Carroll",9557.760000000006,459,459,459
MH-17290,"Marc Harrigan",9526.924000000003,460,460,460
AA-10375,"Allen Armold",9507.509999999982,461,461,461
KD-16345,"Katherine Ducich",9444.82,462,462,462
TB-21250,"Tim Brockman",9417.552000000009,463,463,463
TS-21160,"Theresa Swint",9409.464000000007,464,464,464
MG-17680,"Maureen Gastineau",9400.752000000004,465,465,465
NG-18355,"Nat Gilpin",9347.900000000001,466,466,466
CD-12790,"Cynthia Delaney",9303.660000000007,467,467,467
DM-12955,"Dario Medina",9254.237999999992,468,468,468
BD-11620,"Brian DeCherney",9228.660000000002,469,469,469
PR-18880,"Patrick Ryan",9200.890000000014,470,470,470
EG-13900,"Emily Grady",9160.099999999997,471,471,471
BD-11725,"Bruce Degenhardt",9158.999999999998,472,472,472
LR-17035,"Lisa Ryan",9156.93,473,473,473
KA-16525,"Kelly Andreada",9117.035999999991,474,474,474
NC-18625,"Noah Childs",9108.710000000003,475,475,475
RD-19810,"Ross DeVincentis",9100.927999999996,476,476,476
FH-14350,"Fred Harton",9085.136000000011,477,477,477
JG-15805,"John Grady",9042.107999999991,478,478,478
JH-16180,"Justin Hirsh",9025.576000000001,479,479,479
JM-15265,"Janet Molinari",9020.73,480,480,480
KD-16615,"Ken Dana",8974.040000000005,481,481,481
DL-12865,"Dan Lawera",8944.908000000003,482,482,482
CM-12190,"Charlotte Melton",8850.864,483,483,483
CC-12100,"Chad Cunningham",8826.149999999998,484,484,484
PF-19225,"Phillip Flathmann",8824.511999999999,485,485,485
TC-21475,"Tony Chapman",8824.127999999997,486,486,486
NR-18550,"Nick Radford",8737.347999999996,487,487,487
RM-19375,"Raymond Messe",8720.844000000006,488,488,488
MG-18145,"Mike Gockenbach",8671.773000000001,489,489,489
JM-15535,"Jessica Myrick",8667.214999999997,490,490,490
EJ-13720,"Ed Jacobs",8648.696,491,491,491
BW-11200,"Ben Wallace",8631.149999999994,492,492,492
CR-12580,"Clay Rozendal",8595.408,493,493,493
IM-15055,"Ionia McGrath",8545.08,494,494,494
EH-14005,"Erica Hernandez",8536.709999999995,495,495,495
DB-12970,"Darren Budd",8517.681599999998,496,496,496
BP-11155,"Becky Pak",8460.73,497,497,497
DK-12985,"Darren Koutras",8435.199999999997,498,498,498
RA-19945,"Ryan Akin",8434.6125,499,499,499
DW-13585,"Dorothy Wardle",8433.977999999996,500,500,500
DO-13435,"Denny Ordway",8381.180499999999,501,501,501
MO-17800,"Meg O'Connel",8377.938,502,502,502
CM-11815,"Candace McMahon",8369.44,503,503,503
JE-15475,"Jeremy Ellison",8332.091999999993,504,504,504
FG-14260,"Frank Gastineau",8298.863999999996,505,505,505
TG-21640,"Trudy Glocke",8298.644,506,506,506
DP-13000,"Darren Powers",8273.503999999992,507,507,507
JP-15460,"Jennifer Patt",8267.914999999994,508,508,508
LC-17050,"Liz Carlisle",8258.016,509,509,509
CD-11920,"Carlos Daly",8135.872000000002,510,510,510
AZ-10750,"Annie Zypern",8110.089999999998,511,511,511
JE-16165,"Justin Ellison",8091.744000000001,512,512,512
DB-13660,"Duane Benoit",8086.413999999998,513,513,513
MF-18250,"Monica Federle",7876.799999999998,514,514,514
JL-15175,"James Lanier",7857.615000000002,515,515,515
AB-10165,"Alan Barnes",7796.866,516,516,516
TP-21565,"Tracy Poddar",7746.560000000003,517,517,517
NS-18505,"Neola Schneider",7727.589000000001,518,518,518
BV-11245,"Benjamin Venier",7616.364999999997,519,519,519
GD-14590,"Giulietta Dortch",7552.279999999998,520,520,520
ZD-21925,"Zuschuss Donatelli",7469.72,521,521,521
JW-15955,"Joni Wasserman",7464.516,522,522,522
NP-18685,"Nora Pelletier",7372.188,523,523,523
GZ-14545,"George Zrebassa",7363.865999999998,524,524,524
LE-16810,"Laurel Elliston",7347.249999999994,525,525,525
TB-21055,"Ted Butterfield",7339.404999999998,526,526,526
PC-18745,"Pamela Coakley",7328.256000000003,527,527,527
JL-15130,"Jack Lebron",7289.735999999997,528,528,528
AB-10255,"Alejandro Ballentine",7184.672000000005,529,529,529
DF-13135,"David Flashing",7171.602000000001,530,530,530
TH-21235,"Tiffany House",7155.406999999995,531,531,531
AA-10480,"Andrew Allen",7131.488000000001,532,532,532
EB-14170,"Evan Bailliet",7117.955999999998,533,533,533
JG-15115,"Jack Garza",7076.028,534,534,534
DS-13030,"Darrin Sayre",7048.852000000002,535,535,535
MG-17890,"Michael Granlund",6987.455999999998,536,536,536
NG-18430,"Nathan Gelder",6979.689999999997,537,537,537
TB-21595,"Troy Blackwell",6937.795000000003,538,538,538
TZ-21580,"Tracy Zic",6829.143999999996,539,539,539
CW-11905,"Carl Weiss",6819.552,540,540,540
KB-16600,"Ken Brennan",6819.498000000001,541,541,541
DB-13405,"Denny Blanton",6810.191999999996,542,542,542
LM-17065,"Liz MacKendrick",6733.869999999998,543,543,543
CA-12055,"Cathy Armstrong",6718.8960000000025,544,544,544
JH-15910,"Jonathan Howell",6716.3390000000145,545,545,545
DJ-13630,"Doug Jacobs",6712.7959999999985,546,546,546
SJ-20215,"Sarah Jordon",6695.360000000004,547,547,547
EB-13975,"Erica Bern",6573.0199999999995,548,548,548
SP-20545,"Sibella Parks",6530.429999999997,549,549,549
Co-12640,Corey-Lock,6500.38,550,550,550
HR-14770,"Hallie Redmond",6496.440000000004,551,551,551
DW-13195,"David Wiener",6484.505999999998,552,552,552
MC-17575,"Matt Collins",6478.9550000000045,553,553,553
EN-13780,"Edward Nazzal",6414.738,554,554,554
RF-19840,"Roy Französisch",6409.633999999997,555,555,555
DE-13255,"Deanra Eno",6353.856000000002,556,556,556
AH-10195,"Alan Haines",6349.807999999997,557,557,557
BF-11215,"Benjamin Farhat",6340.648000000001,558,558,558
MC-18130,"Mike Caudle",6327.992000000004,559,559,559
SC-20680,"Steve Carroll",6273.199999999997,560,560,560
RH-19600,"Rob Haberlin",6257.219999999997,561,561,561
MG-17875,"Michael Grace",6214.1649999999945,562,562,562
RB-19705,"Roger Barcio",6202.349999999998,563,563,563
AB-10600,"Ann Blume",6063.447999999997,564,564,564
LS-17245,"Lynn Smith",6048.816000000003,565,565,565
BG-11740,"Bruce Geld",6038.1359999999995,566,566,566
DJ-13420,"Denny Joy",6037.5599999999995,567,567,567
MD-17860,"Michael Dominguez",6024.55,568,568,568
LS-17200,"Luke Schmidt",5988.191999999998,569,569,569
LD-17005,"Lisa DeCherney",5885.801999999999,570,570,570
DC-13285,"Debra Catini",5873.090000000004,571,571,571
BN-11515,"Bradley Nguyen",5837.375999999998,572,572,572
AS-10630,"Ann Steele",5833.786000000002,573,573,573
DO-13645,"Doug O'Connell",5833.559999999999,574,574,574
RC-19825,"Roy Collins",5798.454000000003,575,575,575
AG-10525,"Andy Gerbode",5795.768000000001,576,576,576
JW-16075,"Julia West",5714.923999999999,577,577,577
CA-12310,"Christine Abelman",5604.296000000001,578,578,578
DV-13045,"Darrin Van Huff",5597.414999999999,579,579,579
SW-20245,"Scot Wooten",5551.188000000002,580,580,580
JB-16045,"Julia Barnett",5524.9529999999995,581,581,581
MM-18280,"Muhammed MacIntyre",5427.898000000002,582,582,582
DB-13360,"Dennis Bolton",5407.329999999996,583,583,583
SF-20065,"Sandra Flanagan",5344.822,584,584,584
BF-11005,"Barry Franz",5335.520000000001,585,585,585
PO-19195,"Phillina Ober",5284.290000000001,586,586,586
MT-18070,"Michelle Tran",5277.799199999999,587,587,587
MM-17260,"Magdelene Morse",5256.092000000001,588,588,588
EK-13795,"Eileen Kiefer",5213.912000000001,589,589,589
RC-19960,"Ryan Crowe",5101.1519999999955,590,590,590
SV-20815,"Stuart Van",5084.360000000001,591,591,591
ME-18010,"Michelle Ellison",5027.775999999998,592,592,592
MH-17620,"Matt Hagelstein",5011.199999999999,593,593,593
CM-12115,"Chad McGuire",4931.909999999999,594,594,594
TS-21340,"Toby Swindell",4858.67,595,595,595
AB-10150,"Aimee Bixby",4833.5499999999965,596,596,596
CR-12730,"Craig Reiter",4801.650000000001,597,597,597
EH-13945,"Eric Hoffmann",4789.196999999997,598,598,598
JF-15295,"Jason Fortune-",4775.62,599,599,599
SJ-20500,"Shirley Jackson",4761.504000000003,600,600,600
JS-15595,"Jill Stevenson",4726.935999999998,601,601,601
BP-11230,"Benjamin Patterson",4725.96,602,602,602
EB-13930,"Eric Barreto",4722.999999999999,603,603,603
AT-10435,"Alyssa Tate",4687.256000000002,604,604,604
MF-17665,"Maureen Fritzler",4685.195000000002,605,605,605
EH-13990,"Erica Hackney",4681.620000000001,606,606,606
EM-13960,"Eric Murdock",4668.52,607,607,607
CH-12070,"Cathy Hwang",4611.707999999999,608,608,608
KC-16675,"Kimberly Carter",4584.200000000002,609,609,609
EH-14185,"Evan Henry",4550.93,610,610,610
JS-15685,"Jim Sink",4524.256000000001,611,611,611
SC-20575,"Sonia Cooley",4513.639999999999,612,612,612
JB-16000,"Joy Bell-",4508.8315999999995,613,613,613
SS-20875,"Sung Shariari",4416.100000000001,614,614,614
PA-19060,"Pete Armstrong",4376.448000000001,615,615,615
JO-15550,"Jesus Ocampo",4353.432000000001,616,616,616
JM-15655,"Jim Mitchum",4324.7350000000015,617,617,617
JC-16105,"Julie Creighton",4292.88,618,618,618
CS-12490,"Cindy Schnelling",4281.554000000001,619,619,619
MS-17980,"Michael Stewart",4275.579999999999,620,620,620
NL-18310,"Nancy Lomonaco",4254.27,621,621,621
CG-12040,"Catherine Glotzbach",4238.259999999998,622,622,622
VS-21820,"Vivek Sundaresam",4223.923999999998,623,623,623
AR-10345,"Alex Russell",4222.776000000001,624,624,624
CS-12175,"Charles Sheldon",4222.290000000003,625,625,625
PM-18940,"Paul MacIntyre",4216.205999999999,626,626,626
SH-20635,"Stefanie Holloman",4192.784,627,627,627
DH-13675,"Duane Huffman",4172.384,628,628,628
EM-14095,"Eudokia Martin",4164.1680000000015,629,629,629
CR-12820,"Cyra Reiten",4142.497200000001,630,630,630
DM-13525,"Don Miller",4130.376,631,631,631
TB-21355,"Todd Boyes",4110.6799999999985,632,632,632
BF-10975,"Barbara Fisher",4100.656000000003,633,633,633
RE-19450,"Richard Eichhorn",4075.760000000002,634,634,634
BM-11575,"Brendan Murry",4040.8100000000018,635,635,635
MG-17695,"Maureen Gnade",4026.8460000000014,636,636,636
SB-20170,"Sarah Bern",3970.2960000000003,637,637,637
HG-14845,"Harry Greene",3928.1399999999967,638,638,638
RD-19930,"Russell D'Ascenzo",3883.767999999999,639,639,639
BP-11050,"Barry Pond",3844.7200000000016,640,640,640
RP-19270,"Rachel Payne",3818.580800000001,641,641,641
CS-11845,"Cari Sayre",3801.582,642,642,642
LW-17125,"Liz Willingham",3777.12,643,643,643
ER-13855,"Elpida Rittenbach",3737.3640000000005,644,644,644
MO-17500,"Mary O'Rourke",3689.948,645,645,645
BB-10990,"Barry Blumstein",3677.6000000000013,646,646,646
HZ-14950,"Henia Zydlo",3546.0799999999995,647,647,647
JJ-15445,"Jennifer Jackson",3545.889999999999,648,648,648
CS-12130,"Chad Sievert",3538.5599999999995,649,649,649
VT-21700,"Valerie Takahito",3473.191999999998,650,650,650
VG-21790,"Vivek Gonzalez",3471.450000000001,651,651,651
TC-21535,"Tracy Collins",3462.589999999999,652,652,652
CG-12520,"Claire Gute",3446.3400000000006,653,653,653
AF-10885,"Art Foster",3446.2600000000016,654,654,654
AS-10240,"Alan Shonely",3445.439999999999,655,655,655
AG-10330,"Alex Grayson",3304.8600000000015,656,656,656
BK-11260,"Berenike Kampe",3295.6900000000005,657,657,657
TM-21490,"Tony Molinari",3284.0340000000006,658,658,658
VF-21715,"Vicky Freymann",3279.1360000000022,659,659,659
TB-21190,"Thomas Brumley",3264.6960000000013,660,660,660
AM-10360,"Alice McCarthy",3256.0479999999993,661,661,661
TR-21325,"Toby Ritter",3225.36,662,662,662
LO-17170,"Lori Olson",3221.7500000000014,663,663,663
MC-17635,"Matthew Clasen",3180.6160000000004,664,664,664
JH-15820,"John Huston",3173.4600000000005,665,665,665
MK-18160,"Mike Kennedy",3094.8059999999996,666,666,666
SW-20350,"Sean Wendt",3057.1319999999996,667,667,667
ST-20530,"Shui Tom",3033.379999999997,668,668,668
Dl-13600,"Dorris liebe",3022.4080000000013,669,669,669
VP-21730,"Victor Preis",2981.705999999999,670,670,670
IG-15085,"Ivan Gibson",2978.296,671,671,671
HM-14980,"Henry MacAllister",2945.1040000000003,672,672,672
RK-19300,"Ralph Kennedy",2896.000000000001,673,673,673
PK-18910,"Paul Knutson",2882.3040000000005,674,674,674
NK-18490,"Neil Knudson",2860.2400000000002,675,675,675
PB-19105,"Peter Bühler",2753.2959999999994,676,676,676
KB-16405,"Katrina Bavinger",2726.4629999999993,677,677,677
GH-14485,"Gene Hale",2722.4880000000007,678,678,678
JB-15925,"Joni Blumstein",2701.656,679,679,679
CS-11860,"Cari Schnelling",2688.1599999999976,680,680,680
AC-10420,"Alyssa Crouse",2674.6800000000003,681,681,681
AB-10015,"Aaron Bergman",2658.4680000000003,682,682,682
HE-14800,"Harold Engle",2650.596000000001,683,683,683
SK-19990,"Sally Knutson",2650.227,684,684,684
BD-11770,"Bryan Davis",2633.8639999999996,685,685,685
AC-10660,"Anna Chung",2629.2640000000015,686,686,686
AW-10840,"Anthony Witt",2597.504000000001,687,687,687
GR-14560,"Georgia Rosenberg",2568.76,688,688,688
MR-17545,"Mathew Reese",2556.7119999999995,689,689,689
BT-11440,"Bobby Trafton",2415.5040000000004,690,690,690
BF-11275,"Beth Fritzler",2375.9699999999993,691,691,691
JS-15940,"Joni Sundaresam",2345.845,692,692,692
DL-13330,"Denise Leinenbach",2340.08,693,693,693
JR-15670,"Jim Radford",2313.316,694,694,694
EC-14050,"Erin Creighton",2309.569999999999,695,695,695
LP-17080,"Liz Pelletier",2269.8179999999998,696,696,696
KM-16660,"Khloe Miller",2267.69,697,697,697
AH-10585,"Angele Hood",2215.512,698,698,698
CD-12280,"Christina DeMoss",2208.368,699,699,699
CL-11890,"Carl Ludwig",2196.8599999999997,700,700,700
VG-21805,"Vivek Grady",2136.8600000000006,701,701,701
PC-19000,"Pauline Chand",2122.976,702,702,702
DP-13165,"David Philippe",2117.2319999999995,703,703,703
SS-20590,"Sonia Sunley",2092.45,704,704,704
JD-16060,"Julia Dunbar",2086.3260000000005,705,705,705
RB-19330,"Randy Bradley",2016.3919999999998,706,706,706
PB-18805,"Patrick Bzostek",2006.2679999999998,707,707,707
AY-10555,"Andy Yotov",1988.056000000001,708,708,708
JD-16015,"Joy Daniels",1927.1499999999992,709,709,709
RB-19570,"Rob Beeghly",1907.2079999999994,710,710,710
VM-21835,"Vivian Mathis",1903.4499999999998,711,711,711
MS-17530,"MaryBeth Skach",1902.6240000000003,712,712,712
BS-11800,"Bryan Spruell",1898.8600000000001,713,713,713
AJ-10960,"Astrea Jones",1887.7440000000004,714,714,714
SS-20515,"Shirley Schmidt",1840.2,715,715,715
HJ-14875,"Heather Jas",1790.5000000000007,716,716,716
BD-11635,"Brian Derr",1747.938,717,717,717
DW-13540,"Don Weiss",1720.4000000000005,718,718,718
MZ-17335,"Maria Zettner",1696.1519999999991,719,719,719
DD-13570,"Dorothy Dickinson",1617.2520000000002,720,720,720
DK-13150,"David Kendrick",1595.6640000000002,721,721,721
JM-15580,"Jill Matthias",1519.74,722,722,722
SW-20755,"Steven Ward",1517.3919999999998,723,723,723
NF-18475,"Neil Französisch",1508.6480000000001,724,724,724
MS-17830,"Melanie Seite",1481.3920000000003,725,725,725
RH-19555,"Ritsa Hightower",1480.764,726,726,726
MH-17440,"Mark Haberlin",1432.5840000000003,727,727,727
CR-12625,"Corey Roper",1427.7,728,728,728
AG-10300,"Aleksandra Gannaway",1397.04,729,729,729
ML-18040,"Michelle Lonsdale",1362.484,730,730,730
AR-10510,"Andrew Roberts",1324.3199999999997,731,731,731
TT-21265,"Tim Taslimi",1318.5000000000002,732,732,732
LH-17020,"Lisa Hazard",1272.956,733,733,733
RR-19315,"Ralph Ritter",1231.864,734,734,734
CD-11980,"Carol Darley",1229.964,735,735,735
JK-15325,"Jason Klamczynski",1151.436,736,736,736
CM-11935,"Carlos Meador",1130.7839999999999,737,737,737
SC-20800,"Stuart Calhoun",1117.024,738,738,738
LS-17230,"Lycoris Saunders",1106.6400000000003,739,739,739
JH-15430,"Jennifer Halladay",1105.54,740,740,740
RB-19645,"Robert Barroso",1105.4200000000005,741,741,741
CS-12460,"Chuck Sachs",1101.2880000000002,742,742,742
EM-14200,"Evan Minnotte",1100.466,743,743,743
BN-11470,"Brad Norvell",1061.184,744,744,744
SM-20905,"Susan MacKendrick",1043.0410000000002,745,745,745
TC-21145,"Theresa Coyne",1038.26,746,746,746
AG-10390,"Allen Goldenen",1004.7249999999998,747,747,747
PL-18925,"Paul Lucas",957.9239999999996,748,748,748
KW-16570,"Kelly Williams",944.6239999999998,749,749,749
GT-14755,"Guy Thornton",905.7439999999995,750,750,750
CM-12445,"Chuck Magee",863.97,751,751,751
JR-15700,"Jocasta Rupert",863.88,752,752,752
LH-16750,"Larry Hughes",862.2779999999999,753,753,753
JC-15385,"Jenna Caffey",859.648,754,754,754
BT-11485,"Brad Thomas",830.392,755,755,755
BF-11080,"Bart Folk",818.8500000000001,756,756,756
HD-14785,"Harold Dahlen",754.08,757,757,757
PH-18790,"Patricia Hirasaki",729.648,758,758,758
SM-20005,"Sally Matthias",699.4019999999997,759,759,759
EM-14065,"Erin Mull",686.9700000000001,760,760,760
BD-11560,"Brendan Dodson",641.08,761,761,761
PT-19090,"Pete Takahito",615.5999999999998,762,762,762
SC-20845,"Sung Chung",561.264,763,763,763
NB-18580,"Nicole Brennan",547.7439999999999,764,764,764
LT-16765,"Larry Tron",511.048,765,765,765
DA-13450,"Dianna Arnett",495.4559999999999,766,766,766
GP-14740,"Guy Phonely",443.6,767,767,767
AG-10765,"Anthony Garverick",411.88800000000003,768,768,768
JJ-15760,"Joel Jenkins",390,769,769,769
CC-12550,"Clay Cheatham",341.496,770,770,770
ML-18265,"Muhammed Lee",324.464,771,771,771
MO-17950,"Michael Oakman",308.576,772,772,772
GH-14665,"Greg Hansen",293.88160000000005,773,773,773
PB-19210,"Phillip Breyer",265.476,774,774,774
KS-16300,"Karen Seio",265.416,775,775,775
BO-11425,"Bobby Odegard",261.66,776,776,776
EL-13735,"Ed Ludwig",248.56,777,777,777
FW-14395,"Fred Wasserman",239.25,778,778,778
JC-15340,"Jasper Cacioppo",202.00500000000002,779,779,779
HH-15010,"Hilary Holden",188.108,780,780,780
AO-10810,"Anthony O'Donnell",161.28,781,781,781
LB-16735,"Larry Blacks",150.56400000000002,782,782,782
SG-20890,"Susan Gilcrest",123.216,783,783,783
BW-11065,"Barry Weirich",121.54400000000001,784,784,784
AS-10135,"Adrian Shami",117.64000000000001,785,785,785
RM-19750,"Roland Murray",98.35,786,786,786
AR-10570,"Anemone Ratner",88.15,787,787,787
RE-19405,"Ricardo Emerson",48.36,788,788,788
RS-19870,"Roy Skaria",44.65599999999999,789,789,789
CJ-11875,"Carl Jackson",16.52,790,790,790
MG-18205,"Mitch Gastineau",12.32,791,791,791
TS-21085,"Thais Sissman",9.666,792,792,792
LD-16855,"Lela Donovan",5.304,793,793,793
